id,contract_id,user_id,amount,gateway_code,status,direction,created_at
3f93372a-1c82-4062-8e02-3012215f35a4,02d59a7c-7a8b-4dd2-a6c1-d2472f886d0b,f049e62a-b9a9-4147-9f6d-0039ff1a1d62,9121.763,EASYPAISA,REFUNDED,DEPOSIT,2026-03-18 06:39:48+00
cf6d40d1-5d29-4ee1-9f61-6785a1501bce,02d59a7c-7a8b-4dd2-a6c1-d2472f886d0b,a0810b2e-137a-4c5f-84d1-e8ddd5fa9857,32351.1446,JAZZCASH,PENDING,REFUND,2026-05-15 04:12:19+00
33706d3d-2ee1-43be-b650-d8919538a201,02d59a7c-7a8b-4dd2-a6c1-d2472f886d0b,a0810b2e-137a-4c5f-84d1-e8ddd5fa9857,45028.8506,HBL_PAYCONNECT,PENDING,WITHDRAWAL,2026-03-26 17:34:24+00
5df9d2d4-a3c3-45b3-a8e6-a509a0d459bd,17873a75-9959-4e07-9701-93b083ba6873,58be5f8f-f7e7-4849-a42e-225d42b2d707,43666.9721,1LINK_IBFT,PENDING,RELEASE,2026-05-06 23:50:58+00
20e4ed97-2800-4bf9-8cd3-ece574bac8c3,b81dfa38-d094-4b14-9073-99b3d56cdef2,09fb571c-12e0-4fd0-b8aa-1694c3d46033,55867.7607,HBL_PAYCONNECT,REFUNDED,WITHDRAWAL,2026-05-12 09:36:19+00
1bc0eeff-aa99-4e59-94f4-1310483dcce7,6ffbfb81-1a27-49b9-b607-23b63325514b,1ed63b1c-e14c-46e9-8da7-3cfd3cb2e65b,39392.1564,JAZZCASH,SUCCESS,REFUND,2026-03-12 08:00:03+00
c0329dfb-72eb-4385-b357-2dcd48820b1d,6ffbfb81-1a27-49b9-b607-23b63325514b,1ed63b1c-e14c-46e9-8da7-3cfd3cb2e65b,17780.6728,HBL_PAYCONNECT,FAILED,REFUND,2026-02-01 22:53:44+00
7339c3db-4031-415c-83a1-130155a27222,b996fc61-3378-4786-b444-4261cd9cb855,f6c9d945-1649-4626-8599-55d7a264b985,7263.4479,1LINK_IBFT,FAILED,RELEASE,2025-12-04 15:40:12+00
7389d06d-27d7-47da-8a21-8c9aefa1537d,b996fc61-3378-4786-b444-4261cd9cb855,f6c9d945-1649-4626-8599-55d7a264b985,48938.9001,JAZZCASH,FAILED,WITHDRAWAL,2026-02-08 10:37:00+00
e8f90ad6-b434-4c2b-9d54-b6b806b34bec,cbe6da99-3b93-42fa-9247-03c6920c2915,5f783559-b6af-4250-b8c9-ef9f96e969a3,59786.8334,EASYPAISA,REFUNDED,REFUND,2026-04-05 15:34:24+00
8777f891-443c-4040-8b2e-b9d99f7e3211,eec9ce1c-0ae5-4d2c-9696-dc04fdc3a4a7,813222d9-41d1-463b-9bbd-5a5785795783,1669.9696,1LINK_IBFT,FAILED,WITHDRAWAL,2025-12-20 15:47:50+00
4843a1e6-3f8c-440f-90d4-c6030f7663ff,7312098c-0059-4ddc-83de-6246637ad9cf,0f0de6f9-e422-4c70-91cd-95dfb8a646bf,34138.8862,EASYPAISA,FAILED,REFUND,2026-01-12 15:48:44+00
ca9aa4f9-9421-4e3a-ba81-de78693a7efc,7312098c-0059-4ddc-83de-6246637ad9cf,0f0de6f9-e422-4c70-91cd-95dfb8a646bf,48421.9645,EASYPAISA,REFUNDED,RELEASE,2026-01-13 06:02:58+00
4d37b9e4-d73f-40c2-90b0-18805ac070b5,8fd30de4-0814-40da-8a97-c225131de927,813222d9-41d1-463b-9bbd-5a5785795783,96808.5455,EASYPAISA,FAILED,REFUND,2025-12-22 03:32:19+00
47812ffc-9000-451e-87d2-33262be37d0c,8fd30de4-0814-40da-8a97-c225131de927,813222d9-41d1-463b-9bbd-5a5785795783,81832.957,1LINK_IBFT,FAILED,WITHDRAWAL,2026-04-02 23:07:00+00
2d474b23-8eb7-4dea-a32d-605315c4463a,65567b43-65b0-465e-b996-0908adc5c134,12a71b02-d2cc-49ab-9b4e-5c03ed1c9201,59630.4764,EASYPAISA,PENDING,RELEASE,2025-11-18 21:59:50+00
57f539a4-85c5-4998-99c1-1a7b7b57e0be,65567b43-65b0-465e-b996-0908adc5c134,12a71b02-d2cc-49ab-9b4e-5c03ed1c9201,44407.0405,HBL_PAYCONNECT,PENDING,RELEASE,2025-12-09 07:09:08+00
a1b8f602-da27-45bb-a576-923ac4622475,65567b43-65b0-465e-b996-0908adc5c134,12a71b02-d2cc-49ab-9b4e-5c03ed1c9201,14778.7331,HBL_PAYCONNECT,SUCCESS,REFUND,2026-02-08 01:27:51+00
3ba4a0db-8eb9-4469-bfea-f874190dc933,1b09919e-225d-4c47-a56c-a25340ff40f6,6ada03ff-2bb8-456f-bdeb-99f04e6e979a,71808.4027,1LINK_IBFT,PENDING,RELEASE,2025-11-23 19:01:23+00
b58e4a41-614e-4dbd-ae0f-ec33ad8e1c8c,1b09919e-225d-4c47-a56c-a25340ff40f6,6ada03ff-2bb8-456f-bdeb-99f04e6e979a,58642.1579,1LINK_IBFT,PENDING,REFUND,2025-12-28 13:34:14+00
da703f49-d0ae-46da-9d2f-9aeb6d920499,1b09919e-225d-4c47-a56c-a25340ff40f6,59265a90-abaa-4747-a715-23a1c9300962,11827.5731,EASYPAISA,FAILED,DEPOSIT,2026-03-13 14:14:28+00
32f256bc-4a6f-45b2-a1db-f1281da0c43b,6b9277dc-081f-4633-9d1f-ff18dd1ec15e,eaca3481-ec4e-4b61-9824-fb2f0c368f09,56758.8089,1LINK_IBFT,FAILED,DEPOSIT,2025-12-01 00:29:30+00
a6ec2412-4f5c-426a-802c-0c43e4e3feb5,6b9277dc-081f-4633-9d1f-ff18dd1ec15e,eaca3481-ec4e-4b61-9824-fb2f0c368f09,2044.2295,HBL_PAYCONNECT,SUCCESS,DEPOSIT,2025-10-30 20:46:50+00
42f96694-7999-4560-9f86-25446a3adb8a,6b9277dc-081f-4633-9d1f-ff18dd1ec15e,813222d9-41d1-463b-9bbd-5a5785795783,45132.0766,1LINK_IBFT,REFUNDED,RELEASE,2025-11-03 19:56:56+00
6664886e-c682-4079-96be-69389e573f6b,3987d54e-1504-43e6-8434-d7fb3b42b0b1,d7110384-dc32-403f-936b-6e7e5fda3fe5,99772.5698,1LINK_IBFT,PENDING,WITHDRAWAL,2026-01-22 11:00:01+00
20d66ac4-5b08-422d-ad79-4300208fdb35,46dbffbe-edb1-4964-91a4-d37c9dfe687c,78e0e4d1-3def-4560-a0f6-0cb315558662,12490.8645,EASYPAISA,FAILED,DEPOSIT,2026-01-16 01:35:58+00
2f83143a-f5fa-4b13-bc57-990433e57d01,46dbffbe-edb1-4964-91a4-d37c9dfe687c,58be5f8f-f7e7-4849-a42e-225d42b2d707,46077.9309,EASYPAISA,REFUNDED,WITHDRAWAL,2026-01-01 22:14:03+00
d52555ef-6d8a-474e-b9a1-bf71ea4b9aa4,429c6d0a-29eb-4a7c-9e9e-a8e835016dad,eaca3481-ec4e-4b61-9824-fb2f0c368f09,44378.4279,1LINK_IBFT,FAILED,DEPOSIT,2026-04-21 02:31:05+00
0550f91d-64a7-46c4-abb0-65fb30051680,429c6d0a-29eb-4a7c-9e9e-a8e835016dad,1e8b15ee-2d61-490d-aedd-c752925dfcd0,5423.6222,JAZZCASH,PENDING,WITHDRAWAL,2026-01-03 22:54:36+00
e01f477d-9088-4086-9c98-886539580e29,0dacd673-6454-4e2b-97ea-874128e90cd6,1bd131e8-661d-42d1-87a1-473adbe62c76,68036.794,EASYPAISA,SUCCESS,DEPOSIT,2026-03-10 10:36:22+00
69b57f09-7157-4574-bcbd-d3882c882f14,0dacd673-6454-4e2b-97ea-874128e90cd6,8c41d771-1c53-47f0-9b03-437ca554ee2d,33767.9759,1LINK_IBFT,REFUNDED,RELEASE,2026-02-16 03:34:40+00
c822ac69-3520-4fc7-b8ae-303afd454d57,0dacd673-6454-4e2b-97ea-874128e90cd6,8c41d771-1c53-47f0-9b03-437ca554ee2d,63346.2716,EASYPAISA,REFUNDED,REFUND,2025-12-14 13:31:59+00
c60ecc1b-8cb1-447a-9e9b-28b65d09f0e6,e748d4fe-88d1-4501-a613-9b4560f3ea89,0f0de6f9-e422-4c70-91cd-95dfb8a646bf,45507.9261,1LINK_IBFT,REFUNDED,RELEASE,2026-05-15 11:09:03+00
98c6f8b6-d3d5-448e-8f13-3811c602eeb8,c0c1568f-4596-4757-96db-4acb01741d00,8fbd6bdc-9d81-419a-9953-510f95aad2a5,21372.6635,JAZZCASH,PENDING,RELEASE,2026-03-05 14:02:10+00
24fd1715-7b0d-4e37-9d20-180e1f248686,c0c1568f-4596-4757-96db-4acb01741d00,8fbd6bdc-9d81-419a-9953-510f95aad2a5,33272.5062,1LINK_IBFT,PENDING,WITHDRAWAL,2026-02-04 07:19:02+00
c9fdd940-5975-4e20-b36f-815633e9f696,c0c1568f-4596-4757-96db-4acb01741d00,8fbd6bdc-9d81-419a-9953-510f95aad2a5,53243.7869,HBL_PAYCONNECT,REFUNDED,REFUND,2025-12-15 17:51:10+00
02488346-dfca-4140-8f15-3a0e70141881,15751c2b-7784-45ff-b851-b2f970f6764c,78e0e4d1-3def-4560-a0f6-0cb315558662,35444.5391,1LINK_IBFT,SUCCESS,DEPOSIT,2026-01-21 16:14:29+00
03cc28b2-c8c6-4945-ac58-9a241f1f317c,15751c2b-7784-45ff-b851-b2f970f6764c,78e0e4d1-3def-4560-a0f6-0cb315558662,67538.8981,HBL_PAYCONNECT,PENDING,DEPOSIT,2026-02-13 12:58:09+00
2657d489-1738-452b-8f5d-3a0f95a5677a,15751c2b-7784-45ff-b851-b2f970f6764c,0f0de6f9-e422-4c70-91cd-95dfb8a646bf,12577.9415,HBL_PAYCONNECT,SUCCESS,WITHDRAWAL,2025-10-30 19:23:43+00
4549f192-7e28-48c0-9821-c808a0577d4a,3197f48c-9932-435f-a1c5-97fd7eab51f9,5f783559-b6af-4250-b8c9-ef9f96e969a3,60046.1559,1LINK_IBFT,REFUNDED,REFUND,2026-03-06 01:16:42+00
4531b765-0b55-4cca-aec3-d52dd5139dd2,3197f48c-9932-435f-a1c5-97fd7eab51f9,5f783559-b6af-4250-b8c9-ef9f96e969a3,63914.6626,EASYPAISA,SUCCESS,REFUND,2025-11-08 00:50:01+00
074aefb2-1be8-4a1e-9ced-b4998a7ec651,ec044b3e-56a0-4349-8ec5-f76dec96c184,6aff81ce-1c75-4e37-935e-c64cfafd17a7,19522.7594,1LINK_IBFT,PENDING,RELEASE,2025-12-28 18:08:26+00
28d906fb-9543-49b2-9776-1da327945a88,ec044b3e-56a0-4349-8ec5-f76dec96c184,289f1a24-a139-46cd-a89c-e00f41f16d03,48976.283,EASYPAISA,REFUNDED,DEPOSIT,2025-11-01 21:36:16+00
21d1a720-540b-4828-aa6f-779d8ce1cba8,017d490f-4624-4ab1-8707-142883df777f,813222d9-41d1-463b-9bbd-5a5785795783,41504.3005,1LINK_IBFT,REFUNDED,REFUND,2025-11-25 19:37:48+00
490a3633-7bf8-4283-8094-3bb891cf375a,017d490f-4624-4ab1-8707-142883df777f,813222d9-41d1-463b-9bbd-5a5785795783,17558.0953,JAZZCASH,SUCCESS,REFUND,2026-01-23 18:09:10+00
5271deb5-2d8b-40bb-962c-3ba7ae119e1e,017d490f-4624-4ab1-8707-142883df777f,cd528400-c83c-4407-ab3d-0281dbfb34ab,28210.4389,HBL_PAYCONNECT,SUCCESS,DEPOSIT,2025-11-20 14:05:02+00
afc5c995-cfcf-4fe1-b56c-1ec96a655231,bc1ab906-88c6-4e03-aa46-1a95d3eccb7f,a0810b2e-137a-4c5f-84d1-e8ddd5fa9857,55422.8923,JAZZCASH,PENDING,REFUND,2026-02-02 03:43:21+00
0eb1a05a-73e2-4aa3-aa39-02abb927b96e,bc1ab906-88c6-4e03-aa46-1a95d3eccb7f,a0810b2e-137a-4c5f-84d1-e8ddd5fa9857,54662.2945,JAZZCASH,REFUNDED,WITHDRAWAL,2026-02-21 07:40:11+00
a6c9120d-d788-4889-8225-877da2907590,bc1ab906-88c6-4e03-aa46-1a95d3eccb7f,a0810b2e-137a-4c5f-84d1-e8ddd5fa9857,11139.2274,EASYPAISA,FAILED,REFUND,2026-05-04 16:13:09+00
e71c5ef2-bf6b-4a44-8dae-41cacab753d4,8ce81ced-90db-461b-afa0-d68fab33f618,90571860-2706-417b-a4f6-1ac855b64ef3,35509.1207,JAZZCASH,REFUNDED,WITHDRAWAL,2026-04-01 14:30:40+00
d130d36a-ca31-4b8e-9350-a4c0d8368d0b,8ce81ced-90db-461b-afa0-d68fab33f618,90571860-2706-417b-a4f6-1ac855b64ef3,21777.9386,HBL_PAYCONNECT,REFUNDED,RELEASE,2026-03-13 17:34:03+00
11e8793e-2474-4219-9c9d-169d08f09a41,2127142a-0901-4ddf-8dd2-8e58222e65c8,09fb571c-12e0-4fd0-b8aa-1694c3d46033,78700.0817,EASYPAISA,PENDING,RELEASE,2025-12-31 22:47:27+00
e2530f01-695e-43b6-a987-97cf13c7be1e,2127142a-0901-4ddf-8dd2-8e58222e65c8,09fb571c-12e0-4fd0-b8aa-1694c3d46033,60088.9109,EASYPAISA,FAILED,WITHDRAWAL,2026-01-23 13:04:30+00
57ccc8c4-254c-4ecd-b641-28f45ea4d91f,2127142a-0901-4ddf-8dd2-8e58222e65c8,09fb571c-12e0-4fd0-b8aa-1694c3d46033,57700.8224,JAZZCASH,SUCCESS,WITHDRAWAL,2025-12-08 08:16:24+00
0bc4e14d-31a0-4b87-b374-76961e9115bc,aac0444e-9512-409c-9ea3-9d61927be8fb,4f9ef3c9-28c6-4880-ada2-af225fb5a240,86837.7115,EASYPAISA,SUCCESS,WITHDRAWAL,2026-02-09 05:28:03+00
b0f9b3dc-cbbf-4af6-a837-c4475192d669,e4ce4f58-9991-4d64-8a94-0203b4648008,511f27ce-a37a-4b77-86ce-775b73247463,83019.6985,1LINK_IBFT,REFUNDED,WITHDRAWAL,2026-03-22 23:29:33+00
19b04633-5756-4eda-a063-5bca49f95511,f193878f-8247-4970-918e-9abdaba1d12a,5f783559-b6af-4250-b8c9-ef9f96e969a3,63153.4693,1LINK_IBFT,REFUNDED,WITHDRAWAL,2026-04-17 20:45:56+00
e4803c12-3b9f-4467-bc68-471870ff6eb8,f193878f-8247-4970-918e-9abdaba1d12a,f25377bb-3dee-427d-b121-8f49365ef9a7,40882.2266,HBL_PAYCONNECT,FAILED,DEPOSIT,2025-11-21 14:33:27+00
fcb0aa5e-b004-4bb2-bc15-5c431681462d,f193878f-8247-4970-918e-9abdaba1d12a,5f783559-b6af-4250-b8c9-ef9f96e969a3,33401.6387,JAZZCASH,PENDING,REFUND,2025-11-20 03:34:17+00
dd3ff2e7-ffdc-49ee-9d74-1aaeba90a4b6,5f517450-55bc-42b9-bf25-72c03545bf5b,67d7a890-fedf-4ca8-ae03-51128c4dfc22,85160.5177,1LINK_IBFT,SUCCESS,WITHDRAWAL,2025-12-01 08:03:51+00
d5e89e8a-cb7e-4c32-9105-ace931522bd1,5f517450-55bc-42b9-bf25-72c03545bf5b,67d7a890-fedf-4ca8-ae03-51128c4dfc22,49976.7798,HBL_PAYCONNECT,FAILED,RELEASE,2026-01-06 00:31:19+00
cbe96b3b-b024-4da8-b791-04639091bedb,5f517450-55bc-42b9-bf25-72c03545bf5b,67d7a890-fedf-4ca8-ae03-51128c4dfc22,57048.069,1LINK_IBFT,FAILED,RELEASE,2026-04-28 09:25:16+00
62062d36-4a29-4e42-a1a0-7866ee3eae94,7bf6230a-cf26-4f04-b5a0-43a0108f023a,cdc1ab92-990d-4024-8bce-62fa283e652f,62991.7727,1LINK_IBFT,PENDING,DEPOSIT,2026-03-29 22:39:14+00
a90e2a6a-fab7-4f62-9f04-4f404fd65dd7,f837bd6d-85e1-48d8-a9a3-cacf1a65f976,5f783559-b6af-4250-b8c9-ef9f96e969a3,46195.2955,1LINK_IBFT,SUCCESS,REFUND,2026-03-26 23:06:33+00
fd6f1c75-5436-4131-b851-2b6e730c1494,cb06c4f9-30d7-4a07-9284-1e8cfa65e5d9,2bb6aabf-6e16-4ac9-85f0-426e46054282,16738.7688,HBL_PAYCONNECT,PENDING,WITHDRAWAL,2025-12-28 05:07:37+00
918584dc-1baa-41dc-82b0-fcf74002ada7,cb06c4f9-30d7-4a07-9284-1e8cfa65e5d9,2bb6aabf-6e16-4ac9-85f0-426e46054282,9159.6325,EASYPAISA,PENDING,WITHDRAWAL,2025-12-14 06:27:25+00
612dfd44-0b92-40f2-9b47-a905b8068485,cb06c4f9-30d7-4a07-9284-1e8cfa65e5d9,2bb6aabf-6e16-4ac9-85f0-426e46054282,72872.848,EASYPAISA,REFUNDED,WITHDRAWAL,2026-04-11 18:35:25+00
92844ca9-5ce1-4dcd-a9e2-32b194b6dd0c,8ea20f36-424d-4a05-b027-6852b4512264,b3ddac07-c369-416c-bb4e-032e15697685,1107.5441,1LINK_IBFT,PENDING,DEPOSIT,2026-03-26 15:46:35+00
710a8842-ce7e-4033-ac2d-1561d3283d91,8ea20f36-424d-4a05-b027-6852b4512264,d1f13bee-3867-42e0-8bd2-a7c71b9d0bb2,52424.9812,1LINK_IBFT,PENDING,RELEASE,2026-05-14 01:28:47+00
868c8231-db10-48aa-85d5-b59104bb55fe,8ea20f36-424d-4a05-b027-6852b4512264,d1f13bee-3867-42e0-8bd2-a7c71b9d0bb2,81893.7937,1LINK_IBFT,SUCCESS,WITHDRAWAL,2025-11-12 16:08:21+00
dbbe5961-02e0-4b01-9b90-64bd50d004bd,ad8b2493-e827-49b2-958b-b3bb1e2746c9,4f9ef3c9-28c6-4880-ada2-af225fb5a240,38923.9226,JAZZCASH,PENDING,RELEASE,2026-01-15 11:58:51+00
e8e9821e-2bdc-42f1-9f75-d045c671d5d0,f4167725-0f5e-4f36-9504-5b5d8b47529d,aadd264b-408c-4ed7-be60-b98b27658bbb,14575.8002,EASYPAISA,SUCCESS,WITHDRAWAL,2026-04-20 14:59:09+00
4cd9e136-0944-46d8-b903-43a6c983a5d0,f4167725-0f5e-4f36-9504-5b5d8b47529d,6c53df5e-62e7-4528-a90b-f9b5e6b9c7a1,61421.6047,EASYPAISA,REFUNDED,DEPOSIT,2025-12-31 19:19:17+00
d7b5879d-c0be-4827-ae25-3887151b5e19,8ca3d32a-1565-4d9f-886b-eb83df1bf5cd,d66060fb-d718-40a7-911f-76c796612a7d,63179.9238,EASYPAISA,REFUNDED,RELEASE,2025-11-26 09:18:42+00
6d04cf69-584f-4b61-9aa2-aa596692278c,8ca3d32a-1565-4d9f-886b-eb83df1bf5cd,d66060fb-d718-40a7-911f-76c796612a7d,9582.1153,JAZZCASH,SUCCESS,RELEASE,2026-03-30 08:43:11+00
bdc51e71-99d0-4457-bfa8-1174598d04ea,8ca3d32a-1565-4d9f-886b-eb83df1bf5cd,d66060fb-d718-40a7-911f-76c796612a7d,35802.0284,1LINK_IBFT,FAILED,REFUND,2026-03-23 21:18:59+00
a144816b-2a38-49f9-b5a5-d02172ea8f13,a0397044-fe78-414b-aec9-400e68043680,09fb571c-12e0-4fd0-b8aa-1694c3d46033,64817.4363,EASYPAISA,FAILED,WITHDRAWAL,2026-05-06 18:36:24+00
42e80d14-8167-4480-87cb-d497e9372c22,571c6554-caf8-41b4-a593-56d2217c9dcf,d1f13bee-3867-42e0-8bd2-a7c71b9d0bb2,21339.1261,EASYPAISA,REFUNDED,WITHDRAWAL,2026-01-22 09:58:36+00
773c36cc-a99b-4eb8-bfaa-a236f6fcc8da,571c6554-caf8-41b4-a593-56d2217c9dcf,f25377bb-3dee-427d-b121-8f49365ef9a7,78596.3584,EASYPAISA,REFUNDED,DEPOSIT,2025-12-18 07:54:50+00
83ae6dab-6254-4b15-8c59-4cd066f96faf,571c6554-caf8-41b4-a593-56d2217c9dcf,f25377bb-3dee-427d-b121-8f49365ef9a7,24867.0938,JAZZCASH,PENDING,DEPOSIT,2025-12-27 22:56:56+00
992e9276-27d7-4059-b9e2-ba981013c808,56b8b8e9-dd56-4a6d-8a45-5a02239bca43,8c41d771-1c53-47f0-9b03-437ca554ee2d,39296.9866,1LINK_IBFT,FAILED,RELEASE,2026-03-11 02:17:32+00
c7b7ce07-545f-4ed3-8c7a-c855a261473b,56b8b8e9-dd56-4a6d-8a45-5a02239bca43,8c41d771-1c53-47f0-9b03-437ca554ee2d,95490.8454,JAZZCASH,PENDING,REFUND,2026-04-20 23:10:44+00
e5eb7d7b-ff90-44bb-903c-d7074d96e30f,d7722e52-f5a1-481b-abca-8e237eb8024c,222b7090-8651-479a-b3f2-d42dc1399c9d,22358.5509,JAZZCASH,REFUNDED,WITHDRAWAL,2025-11-01 10:40:30+00
069220a9-6437-464b-83c0-3e360cc3c4aa,51ddaf67-b040-4752-8bb4-0d99bd2e88a3,4a50e8ae-85d6-4106-9df9-5b322cbb88d6,42933.9483,1LINK_IBFT,PENDING,REFUND,2026-03-18 21:32:36+00
6af79206-43aa-4e84-b81d-77ce5a3619ad,51ddaf67-b040-4752-8bb4-0d99bd2e88a3,4a50e8ae-85d6-4106-9df9-5b322cbb88d6,9276.1103,JAZZCASH,SUCCESS,WITHDRAWAL,2026-03-17 20:24:30+00
e9661b26-b6cc-4d3d-bc69-824901a14b69,846eaf5d-d297-4e85-adb3-4832efaf219a,6aff81ce-1c75-4e37-935e-c64cfafd17a7,39682.4188,JAZZCASH,FAILED,WITHDRAWAL,2025-11-28 06:57:46+00
52b14673-622d-4f1d-8112-4c0746c48c9f,846eaf5d-d297-4e85-adb3-4832efaf219a,6aff81ce-1c75-4e37-935e-c64cfafd17a7,6732.6885,JAZZCASH,REFUNDED,RELEASE,2026-04-02 03:33:18+00
00849c0b-82bd-4828-b7ca-03936d7203d5,846eaf5d-d297-4e85-adb3-4832efaf219a,6aff81ce-1c75-4e37-935e-c64cfafd17a7,61617.3826,JAZZCASH,FAILED,REFUND,2026-03-09 23:29:23+00
56698aa6-3d67-443c-b51a-28ee5835133b,7ea400cb-5011-48df-b476-e7c375960982,dde6fddf-d329-423e-b43c-b8301977a710,71082.1601,JAZZCASH,SUCCESS,DEPOSIT,2025-11-05 09:43:28+00
31529838-869b-4969-8634-7e4b4ee5c530,8c2f9201-b242-4ec5-a417-70c9fff2ccf5,a0810b2e-137a-4c5f-84d1-e8ddd5fa9857,17529.3325,EASYPAISA,FAILED,WITHDRAWAL,2026-04-01 08:15:35+00
6068607b-e4ad-47eb-b1f1-8dd715805f6a,8c2f9201-b242-4ec5-a417-70c9fff2ccf5,16d6d76a-d06d-4f5f-9109-f0a56e5ae30a,34166.0916,1LINK_IBFT,FAILED,DEPOSIT,2026-04-22 09:17:53+00
d82cbfaf-6ecf-405b-9718-6d0e99d132cd,a6267ced-aa60-4a09-9fd0-4ce338663aca,78e0e4d1-3def-4560-a0f6-0cb315558662,50118.6093,HBL_PAYCONNECT,PENDING,DEPOSIT,2025-11-04 03:55:32+00
ef96ac31-9791-4213-b5fe-564f0ca9d011,a6267ced-aa60-4a09-9fd0-4ce338663aca,c01eaf98-af64-44d3-8d8b-812455ca2330,37401.09,HBL_PAYCONNECT,PENDING,RELEASE,2026-04-02 09:38:28+00
c180632f-5028-49dd-a6b0-d9219a81f209,0d7e1339-525f-4878-9b4c-6f684d2ba94f,6c53df5e-62e7-4528-a90b-f9b5e6b9c7a1,5359.7528,JAZZCASH,SUCCESS,DEPOSIT,2026-04-29 08:02:57+00
d532cfe1-4752-4555-b53d-2a79e77a638f,ed173c0f-31f5-4d54-8df6-8439406ca5b7,c01eaf98-af64-44d3-8d8b-812455ca2330,38914.968,EASYPAISA,SUCCESS,WITHDRAWAL,2026-05-03 11:00:57+00
72576c32-582a-4dff-8ded-910a9c21c325,ed173c0f-31f5-4d54-8df6-8439406ca5b7,c01eaf98-af64-44d3-8d8b-812455ca2330,23227.0161,EASYPAISA,REFUNDED,REFUND,2026-01-12 22:37:00+00
7cd28021-c7c7-40cc-ae88-4cd492ab5155,e3f68c3c-3bbc-4483-8e35-414a3efad4d1,dde6fddf-d329-423e-b43c-b8301977a710,57582.0603,JAZZCASH,PENDING,DEPOSIT,2026-03-08 13:01:04+00
6c700e32-cb96-4cd9-ad6c-70366d1380b6,e3f68c3c-3bbc-4483-8e35-414a3efad4d1,a0810b2e-137a-4c5f-84d1-e8ddd5fa9857,80629.4639,JAZZCASH,REFUNDED,RELEASE,2026-04-20 10:11:14+00
39f13e8c-b9cd-4688-b965-95409ff7002e,60f8f4b4-9851-4553-876a-72b0173bc51f,813222d9-41d1-463b-9bbd-5a5785795783,77579.2205,HBL_PAYCONNECT,FAILED,WITHDRAWAL,2026-04-13 15:27:24+00
4a3f6f69-5b25-4b54-b631-9d3b6a41ce5c,60f8f4b4-9851-4553-876a-72b0173bc51f,813222d9-41d1-463b-9bbd-5a5785795783,1788.9482,EASYPAISA,FAILED,REFUND,2026-01-19 03:59:17+00
1d53146b-2c1b-4ae5-bbab-8be41b0259e7,c34f3cfb-3aa4-43fb-bc0c-0edb4742d7d0,8ba056f6-170f-4e24-a917-e333f6ca8bb5,46928.7424,1LINK_IBFT,SUCCESS,RELEASE,2026-02-10 23:52:48+00
5759567f-877b-4363-b887-4eb633bb6059,c34f3cfb-3aa4-43fb-bc0c-0edb4742d7d0,8ba056f6-170f-4e24-a917-e333f6ca8bb5,1631.4104,1LINK_IBFT,PENDING,RELEASE,2026-02-15 16:55:55+00
22e88b1d-0603-4146-8929-08ec1d1ea6ab,c34f3cfb-3aa4-43fb-bc0c-0edb4742d7d0,8ba056f6-170f-4e24-a917-e333f6ca8bb5,63958.2421,JAZZCASH,FAILED,WITHDRAWAL,2026-05-16 15:00:04+00
bac27f82-53b5-4767-a3fc-53f3a3cefa79,2a417e54-e2bc-4a46-95ed-9890d9c3a98a,5f783559-b6af-4250-b8c9-ef9f96e969a3,85051.5928,HBL_PAYCONNECT,PENDING,REFUND,2026-02-26 12:04:41+00
94e69152-f5f4-4824-998c-9df546f123dd,2a417e54-e2bc-4a46-95ed-9890d9c3a98a,5f783559-b6af-4250-b8c9-ef9f96e969a3,42561.7684,JAZZCASH,SUCCESS,RELEASE,2026-01-28 12:28:03+00
6acb78e8-4dec-4201-8bd6-eab261676ed5,2a417e54-e2bc-4a46-95ed-9890d9c3a98a,a8e2d07e-d089-4bf8-aeec-c66fd86d929c,5346.1263,EASYPAISA,REFUNDED,DEPOSIT,2025-12-23 12:45:05+00
cab271c6-8573-49d5-81df-6f60d0bb4100,4b04317a-cefe-4bd1-a1f0-73c170f5a369,78e0e4d1-3def-4560-a0f6-0cb315558662,58496.2921,EASYPAISA,REFUNDED,DEPOSIT,2026-04-18 03:09:27+00
fc16c647-e1c4-43d5-8b46-1aa5ddefc39f,4b04317a-cefe-4bd1-a1f0-73c170f5a369,78e0e4d1-3def-4560-a0f6-0cb315558662,44063.305,EASYPAISA,SUCCESS,DEPOSIT,2026-01-23 22:00:38+00
991250c8-e83c-4c31-8d49-ef3e993aa515,28c4eae0-c1b1-4d27-add8-fd34c7442acc,58be5f8f-f7e7-4849-a42e-225d42b2d707,92678.1532,1LINK_IBFT,FAILED,WITHDRAWAL,2026-01-13 16:06:55+00
b46dcdde-b0af-45aa-95aa-15e7ee4bc940,28c4eae0-c1b1-4d27-add8-fd34c7442acc,58be5f8f-f7e7-4849-a42e-225d42b2d707,27923.6313,JAZZCASH,SUCCESS,REFUND,2026-03-25 07:58:26+00
ebc16e52-d762-4c60-bb7e-1e52dbdfde99,306bdfda-e6ef-47cd-8627-48c37c49d054,dde6fddf-d329-423e-b43c-b8301977a710,16385.6446,EASYPAISA,REFUNDED,DEPOSIT,2025-11-17 04:40:47+00
7f8c6839-5cfe-4756-80d8-665d22cf1bdd,306bdfda-e6ef-47cd-8627-48c37c49d054,84cbf8e8-4655-4b2f-b86b-66700ce088ca,41244.7426,HBL_PAYCONNECT,SUCCESS,WITHDRAWAL,2025-11-22 16:27:21+00
9a9cc2c0-5b24-45f9-afbe-c213f8af1b3d,306bdfda-e6ef-47cd-8627-48c37c49d054,84cbf8e8-4655-4b2f-b86b-66700ce088ca,46871.3129,JAZZCASH,PENDING,WITHDRAWAL,2026-03-16 23:32:47+00
29939013-f713-4673-b52f-50c3facdb971,55ffefd5-d466-43dc-a0dd-1a1dc78c77d3,4c215462-f926-475e-8d84-70dc66dc3a6d,82812.2821,JAZZCASH,SUCCESS,WITHDRAWAL,2026-01-09 21:22:11+00
d1cc7f92-956f-4f4e-b585-6c1e49a1bb93,55ffefd5-d466-43dc-a0dd-1a1dc78c77d3,4c215462-f926-475e-8d84-70dc66dc3a6d,10030.0775,EASYPAISA,FAILED,RELEASE,2025-12-14 07:21:44+00
c3ea48d3-8f28-41bf-96e5-ca6893a36884,55ffefd5-d466-43dc-a0dd-1a1dc78c77d3,289f1a24-a139-46cd-a89c-e00f41f16d03,68041.1543,HBL_PAYCONNECT,SUCCESS,DEPOSIT,2026-05-05 02:55:20+00
8b22e585-ef5a-413f-8270-795f3107bdaa,1858847f-6e6f-40ce-b3fa-63e2ac2447fd,a0810b2e-137a-4c5f-84d1-e8ddd5fa9857,56039.4224,EASYPAISA,PENDING,REFUND,2025-11-18 18:04:23+00
e08eb246-6d2b-4fbf-89ba-62477cdec4a9,1858847f-6e6f-40ce-b3fa-63e2ac2447fd,a3867652-8df8-44b6-a11a-05f671a13d34,80585.7786,EASYPAISA,PENDING,DEPOSIT,2026-05-12 13:10:54+00
7a656782-063d-49d8-b93a-5afc4e3902ad,c66f96f5-058e-44f8-afb0-90db5e18f93c,0f3ff99c-6bcc-4579-9788-11a3baf93d77,13940.8085,1LINK_IBFT,FAILED,RELEASE,2026-04-14 13:19:26+00
234ab619-5694-4428-b56e-3135599e1e2e,89267545-d4ad-42d8-83d0-6a6348afde7c,d1f13bee-3867-42e0-8bd2-a7c71b9d0bb2,91825.4296,JAZZCASH,PENDING,WITHDRAWAL,2026-04-22 03:42:19+00
c60152e4-f404-440d-9a50-587058f4f90c,89267545-d4ad-42d8-83d0-6a6348afde7c,d1f13bee-3867-42e0-8bd2-a7c71b9d0bb2,90347.1121,1LINK_IBFT,SUCCESS,RELEASE,2026-04-11 11:19:31+00
6e39ffb4-1aff-49fb-aa98-1eda9c39544c,89267545-d4ad-42d8-83d0-6a6348afde7c,d1f13bee-3867-42e0-8bd2-a7c71b9d0bb2,13130.2383,1LINK_IBFT,PENDING,WITHDRAWAL,2026-03-12 22:51:19+00
19b4ae58-185f-49cd-866c-58b547a88d31,6424cbb5-8d0e-4f01-9620-af1f72477d47,58be5f8f-f7e7-4849-a42e-225d42b2d707,82346.8548,1LINK_IBFT,REFUNDED,REFUND,2026-05-05 17:50:00+00
db685a15-8a28-44d6-b398-2baad70a7f10,6424cbb5-8d0e-4f01-9620-af1f72477d47,58be5f8f-f7e7-4849-a42e-225d42b2d707,68638.0788,EASYPAISA,FAILED,REFUND,2026-02-22 19:19:45+00
72ac1a43-c5c7-4eca-9c8e-d52fe84b30bb,6424cbb5-8d0e-4f01-9620-af1f72477d47,58be5f8f-f7e7-4849-a42e-225d42b2d707,28223.1951,1LINK_IBFT,SUCCESS,RELEASE,2026-05-03 17:40:19+00
b22240a6-0d16-449e-9813-136ad6eac1eb,a2f43927-8bb6-4ded-b89d-f299592a6406,a96c0e6a-8f24-4b8d-aae0-9df39466c3ab,65080.5616,1LINK_IBFT,REFUNDED,RELEASE,2025-11-12 03:44:11+00
72e374a3-667e-499a-9961-06b8921b6a09,a2f43927-8bb6-4ded-b89d-f299592a6406,2fa81437-f059-44a2-8d99-0208348b9d45,9684.4336,1LINK_IBFT,SUCCESS,DEPOSIT,2025-12-05 09:04:35+00
37bd50e2-2412-42bb-91c8-e08f7d95156c,a2f43927-8bb6-4ded-b89d-f299592a6406,a96c0e6a-8f24-4b8d-aae0-9df39466c3ab,64622.6,EASYPAISA,PENDING,RELEASE,2025-12-19 15:29:16+00
a1631e40-9e8c-4412-9925-d6c4e8b85c6e,6f401662-31ff-45ff-8672-0dd0b86e2bde,8fbd6bdc-9d81-419a-9953-510f95aad2a5,48488.7594,1LINK_IBFT,FAILED,WITHDRAWAL,2025-11-03 01:59:01+00
11e9a513-26cc-4d8a-a0e2-52111cf85b90,6f401662-31ff-45ff-8672-0dd0b86e2bde,8fbd6bdc-9d81-419a-9953-510f95aad2a5,39449.7462,EASYPAISA,PENDING,WITHDRAWAL,2026-01-13 08:28:26+00
aeb0724f-eab8-42b0-b32e-c19e4cde6195,6f401662-31ff-45ff-8672-0dd0b86e2bde,8fbd6bdc-9d81-419a-9953-510f95aad2a5,3901.0426,HBL_PAYCONNECT,PENDING,RELEASE,2025-11-15 00:12:40+00
b4addd4c-6bfd-485d-9e87-640f96e3c884,df3c8e42-9d96-40ea-b97b-d5f64abbe4a5,09fb571c-12e0-4fd0-b8aa-1694c3d46033,76917.3747,EASYPAISA,SUCCESS,WITHDRAWAL,2026-04-08 07:18:31+00
cd0ca467-37b7-43e5-8e23-70586216ea22,df3c8e42-9d96-40ea-b97b-d5f64abbe4a5,09fb571c-12e0-4fd0-b8aa-1694c3d46033,66029.5777,HBL_PAYCONNECT,PENDING,RELEASE,2026-02-20 23:33:50+00
836c8738-0f76-4b40-94a7-e815c4eb5967,df3c8e42-9d96-40ea-b97b-d5f64abbe4a5,09fb571c-12e0-4fd0-b8aa-1694c3d46033,36125.6588,EASYPAISA,SUCCESS,REFUND,2026-02-14 07:48:43+00
3b3f6b40-d4f9-4cfe-b893-f6a7ae19d116,65b98962-ce9b-4b0f-b7f2-7582aea3ad6b,813222d9-41d1-463b-9bbd-5a5785795783,80814.8123,HBL_PAYCONNECT,PENDING,WITHDRAWAL,2025-12-31 14:42:47+00
f9f57be9-16a3-427c-8120-0931163122ab,65b98962-ce9b-4b0f-b7f2-7582aea3ad6b,813222d9-41d1-463b-9bbd-5a5785795783,56747.7802,EASYPAISA,REFUNDED,RELEASE,2026-01-17 04:02:41+00
60735313-3c72-4e50-b6bf-fe8db433c81e,65b98962-ce9b-4b0f-b7f2-7582aea3ad6b,813222d9-41d1-463b-9bbd-5a5785795783,49553.2056,JAZZCASH,PENDING,RELEASE,2026-02-15 20:25:17+00
65ab8468-e363-439a-9974-d4c20a54bfba,a19eee30-fcac-4492-af60-daac008d35d4,222b7090-8651-479a-b3f2-d42dc1399c9d,2972.871,1LINK_IBFT,PENDING,RELEASE,2026-01-08 08:38:36+00
88a2996d-e1e9-49f3-b56b-da128a1ba1b2,a19eee30-fcac-4492-af60-daac008d35d4,222b7090-8651-479a-b3f2-d42dc1399c9d,80838.0959,HBL_PAYCONNECT,SUCCESS,RELEASE,2026-01-11 12:33:43+00
9df9aae3-2446-4030-ba0e-e2262b8a12a6,a19eee30-fcac-4492-af60-daac008d35d4,367b509a-477e-4452-a0a0-dd186d0f3fb2,3169.3767,EASYPAISA,PENDING,DEPOSIT,2025-12-26 11:36:30+00
86ead9ce-9c88-4c51-a862-8cc70d1df9ef,4c2182a4-6f43-439a-b6bb-895a5863cd65,511f27ce-a37a-4b77-86ce-775b73247463,70749.263,1LINK_IBFT,PENDING,WITHDRAWAL,2026-01-06 11:39:06+00
19a687d1-d7bd-4e55-acea-d4fed5ed1a71,5f69ee2d-e848-4e23-868a-2c6b4ae68f8a,f6c9d945-1649-4626-8599-55d7a264b985,14508.7152,EASYPAISA,REFUNDED,WITHDRAWAL,2025-11-08 23:35:42+00
5efd3ca5-db77-4e90-a53e-0df6920081e3,5f69ee2d-e848-4e23-868a-2c6b4ae68f8a,f6c9d945-1649-4626-8599-55d7a264b985,18246.0644,HBL_PAYCONNECT,SUCCESS,WITHDRAWAL,2026-03-10 02:13:57+00
ceea3fee-b5ed-4488-881a-fe682e40e221,00d5ea08-15f1-4b02-b974-fb09bd181bfa,84cbf8e8-4655-4b2f-b86b-66700ce088ca,73665.5024,HBL_PAYCONNECT,SUCCESS,WITHDRAWAL,2026-03-09 04:16:01+00
838c33c0-15dd-44e8-93c0-078121e2c67b,00d5ea08-15f1-4b02-b974-fb09bd181bfa,367b509a-477e-4452-a0a0-dd186d0f3fb2,94930.0223,1LINK_IBFT,PENDING,DEPOSIT,2026-03-07 11:30:12+00
ab21a3d9-21db-41c2-89a6-51e0a305985f,31e5d4f5-249a-439c-bbe8-6bdddcca23bc,222b7090-8651-479a-b3f2-d42dc1399c9d,92182.7834,EASYPAISA,PENDING,WITHDRAWAL,2025-11-05 11:50:54+00
beb71bc8-2b42-49f8-85d9-fb834215425c,31e5d4f5-249a-439c-bbe8-6bdddcca23bc,222b7090-8651-479a-b3f2-d42dc1399c9d,33785.6742,JAZZCASH,SUCCESS,RELEASE,2026-01-02 12:07:25+00
d3edc7d5-53e3-4345-bf40-4465025437f7,31e5d4f5-249a-439c-bbe8-6bdddcca23bc,222b7090-8651-479a-b3f2-d42dc1399c9d,17620.8543,JAZZCASH,FAILED,WITHDRAWAL,2025-11-24 17:44:08+00
28ffdc9a-9fed-43c0-9a2f-5e4f9f7a4ccb,ac5aaad8-b182-41e2-b194-0fec162aa028,09f7b0ef-bed3-4f57-bcf6-78f42e31d110,21758.7442,JAZZCASH,FAILED,WITHDRAWAL,2026-02-06 12:24:10+00
2912ddb3-072a-45d9-b86b-e329f4a41c1e,ae83da03-8d76-4fc1-a9e6-6df16830216b,a8e2d07e-d089-4bf8-aeec-c66fd86d929c,5766.5983,1LINK_IBFT,REFUNDED,DEPOSIT,2026-03-13 14:14:30+00
8b415e0f-594b-42cd-9788-c1ee9c2864dd,66a0c6f1-eda3-4a0f-90c4-42856844c48c,0f0de6f9-e422-4c70-91cd-95dfb8a646bf,88295.2952,HBL_PAYCONNECT,REFUNDED,REFUND,2026-04-07 19:14:44+00
643e6ff2-9c9d-4809-87c9-d4cf8b447c2d,66a0c6f1-eda3-4a0f-90c4-42856844c48c,0f0de6f9-e422-4c70-91cd-95dfb8a646bf,79084.2695,EASYPAISA,SUCCESS,REFUND,2025-11-22 22:19:28+00
b03fe4e3-ca9a-40d3-9765-813610d7d16e,1332b82a-757a-4b0f-8370-db1ee5d9de9d,101511bd-b966-4f65-b26a-ea6620e0b685,30195.9527,HBL_PAYCONNECT,FAILED,DEPOSIT,2026-04-06 12:31:12+00
4419b667-01a8-4f50-82b0-b13039a0971c,073b4155-bf2a-4e78-9f85-4138355cd7f7,f6c9d945-1649-4626-8599-55d7a264b985,17840.4151,1LINK_IBFT,SUCCESS,WITHDRAWAL,2026-04-18 01:33:18+00
daf086c8-e9ad-46cb-b3e2-c72e910cbb63,a57000f8-2d95-4f9c-8201-585020c94e34,dde6fddf-d329-423e-b43c-b8301977a710,34457.1078,1LINK_IBFT,PENDING,DEPOSIT,2025-11-30 16:24:12+00
59b542c5-a153-4bc1-9eec-5b910610117d,a57000f8-2d95-4f9c-8201-585020c94e34,d7110384-dc32-403f-936b-6e7e5fda3fe5,61124.4449,1LINK_IBFT,SUCCESS,RELEASE,2026-04-26 09:27:09+00
fdab583a-db50-4a0d-9649-cb3e4349e7c8,a57000f8-2d95-4f9c-8201-585020c94e34,dde6fddf-d329-423e-b43c-b8301977a710,33778.3634,EASYPAISA,REFUNDED,DEPOSIT,2026-02-03 04:10:53+00
28a30b04-1218-455d-bf7f-e04c3fa86898,cdc95d52-9227-434f-a98a-8614971de613,4f9ef3c9-28c6-4880-ada2-af225fb5a240,30442.6641,JAZZCASH,PENDING,WITHDRAWAL,2025-12-15 14:30:51+00
876296b8-68fb-457a-916a-5594313d5522,cdc95d52-9227-434f-a98a-8614971de613,4f9ef3c9-28c6-4880-ada2-af225fb5a240,16205.4035,HBL_PAYCONNECT,PENDING,REFUND,2025-12-02 03:03:06+00
8c400a71-8a98-45ba-b047-6080f4124ee7,cdc95d52-9227-434f-a98a-8614971de613,c8d21efe-c5cb-487f-b885-e5d4918f370d,30160.3954,1LINK_IBFT,SUCCESS,DEPOSIT,2026-04-09 12:38:41+00
9e4ef7a2-82cd-4672-8f27-0a3cdde97647,2419ec66-e182-4724-8b78-b983a332b6c8,6810540c-4442-4ccc-aa77-9fc7ca5d6548,17912.387,HBL_PAYCONNECT,PENDING,RELEASE,2025-11-14 06:37:47+00
589e7db6-9f57-48cd-bd73-c8120a356193,dfef3edb-44c0-484b-aeec-d30bd73ee24a,a96c0e6a-8f24-4b8d-aae0-9df39466c3ab,78702.7807,1LINK_IBFT,REFUNDED,WITHDRAWAL,2026-02-03 06:36:29+00
cca5f9b3-9fb4-4d32-b201-74043f28f77f,4760e054-1396-434a-af97-6b677cf76629,4a50e8ae-85d6-4106-9df9-5b322cbb88d6,19303.2408,1LINK_IBFT,FAILED,REFUND,2026-03-05 17:32:57+00
2cbf451d-9059-46b2-9bd4-c570b210c936,3fd3cc2e-61bf-4ace-bb48-2687a1c357db,6c53df5e-62e7-4528-a90b-f9b5e6b9c7a1,27066.3007,1LINK_IBFT,FAILED,DEPOSIT,2026-02-18 07:53:50+00
b709cbd8-9db1-4b4e-8a73-23cb862c3d89,3fd3cc2e-61bf-4ace-bb48-2687a1c357db,2bb6aabf-6e16-4ac9-85f0-426e46054282,56860.4122,EASYPAISA,PENDING,WITHDRAWAL,2026-04-13 21:46:41+00
7011a6df-4dd5-4718-b818-687ba6e0401b,95d0f088-ddac-4f9b-b0d4-3395c0d7b8ce,58be5f8f-f7e7-4849-a42e-225d42b2d707,81009.8356,1LINK_IBFT,SUCCESS,WITHDRAWAL,2026-04-23 12:13:07+00
91deb7bb-955f-4729-a851-02be6f9691f6,95d0f088-ddac-4f9b-b0d4-3395c0d7b8ce,58be5f8f-f7e7-4849-a42e-225d42b2d707,82022.1163,1LINK_IBFT,REFUNDED,REFUND,2026-02-14 16:17:07+00
dce25745-d98a-4ef6-8520-5df5d852d2e6,95d0f088-ddac-4f9b-b0d4-3395c0d7b8ce,58be5f8f-f7e7-4849-a42e-225d42b2d707,30586.3588,1LINK_IBFT,PENDING,REFUND,2025-11-03 04:42:12+00
1a06a0e8-8239-4858-a656-b5830ed93492,bc9f0dcf-1d47-484c-8fcc-a0829a43f14a,90571860-2706-417b-a4f6-1ac855b64ef3,12907.9056,1LINK_IBFT,SUCCESS,RELEASE,2026-03-13 06:32:22+00
d76f47e9-ab75-455b-a9b5-b4f8b56f5fbe,bc9f0dcf-1d47-484c-8fcc-a0829a43f14a,90571860-2706-417b-a4f6-1ac855b64ef3,81037.6114,EASYPAISA,PENDING,RELEASE,2025-12-03 18:29:17+00
9d6a9116-ba98-4ef3-808b-74288d25d499,bc9f0dcf-1d47-484c-8fcc-a0829a43f14a,367b509a-477e-4452-a0a0-dd186d0f3fb2,98839.7137,1LINK_IBFT,SUCCESS,DEPOSIT,2026-03-20 18:18:11+00
7b8b9597-6fa5-43ce-9819-29407e28e8df,5e72bf17-6fcd-4630-8fab-b081b2b13994,d1f13bee-3867-42e0-8bd2-a7c71b9d0bb2,32655.1994,JAZZCASH,PENDING,WITHDRAWAL,2025-12-17 11:16:55+00
8922f4cf-2b15-43db-b4a8-a337c4103f59,5e72bf17-6fcd-4630-8fab-b081b2b13994,d1f13bee-3867-42e0-8bd2-a7c71b9d0bb2,55653.365,HBL_PAYCONNECT,REFUNDED,REFUND,2026-05-12 09:23:21+00
9a24e9d9-13e8-4421-860e-6a1ae402feb0,5e72bf17-6fcd-4630-8fab-b081b2b13994,d1f13bee-3867-42e0-8bd2-a7c71b9d0bb2,12139.3654,EASYPAISA,SUCCESS,REFUND,2026-04-08 06:39:33+00
10072172-cf4a-4950-a9ab-c0ee0ae3be29,9f9097a8-8e87-4626-9d20-fba9346154df,c3391703-0ed1-49b0-8c39-ffc48c7c41ef,78788.8174,HBL_PAYCONNECT,REFUNDED,DEPOSIT,2026-02-03 14:41:47+00
1e5a6e4a-bd97-4df6-9519-3a76a2a8977c,40a3a4d5-e040-4644-a120-9fe585fde509,6aff81ce-1c75-4e37-935e-c64cfafd17a7,57630.3007,1LINK_IBFT,PENDING,REFUND,2026-03-11 07:36:37+00
f394087c-47c7-4bc9-bb31-b7998a515222,40a3a4d5-e040-4644-a120-9fe585fde509,6aff81ce-1c75-4e37-935e-c64cfafd17a7,40894.4219,1LINK_IBFT,PENDING,WITHDRAWAL,2025-12-14 11:34:21+00
fedf2458-ad6c-42e6-84ba-42fa2d8e9116,a709add0-5882-4870-b6c8-1a6a4c09cbf0,09fb571c-12e0-4fd0-b8aa-1694c3d46033,5879.8066,1LINK_IBFT,FAILED,RELEASE,2025-12-23 13:13:45+00
3d6126d7-02ce-4b54-9bfb-c0cca5a1b416,a709add0-5882-4870-b6c8-1a6a4c09cbf0,101511bd-b966-4f65-b26a-ea6620e0b685,34448.7421,HBL_PAYCONNECT,FAILED,DEPOSIT,2026-01-28 07:36:29+00
4210714f-5fc5-4622-89ca-7a816b673f35,d4ee56b2-7517-47e3-979d-8d521b07dfed,dde6fddf-d329-423e-b43c-b8301977a710,97277.1676,EASYPAISA,SUCCESS,DEPOSIT,2026-01-20 11:56:51+00
59c68ec5-544e-4eb3-acb2-ea00e9f78726,d4ee56b2-7517-47e3-979d-8d521b07dfed,1ed63b1c-e14c-46e9-8da7-3cfd3cb2e65b,77629.0591,HBL_PAYCONNECT,FAILED,REFUND,2025-12-06 08:01:29+00
946d78d8-da65-446b-a385-5d278642b8a2,b1168690-05a9-4166-ab8a-bba28878258f,5d87bb33-5ce5-4a48-8c61-52da3c027687,19605.6334,EASYPAISA,REFUNDED,DEPOSIT,2025-11-10 01:07:50+00
8831e08f-60db-4709-abd6-1b5d5803e1fd,b1168690-05a9-4166-ab8a-bba28878258f,a96c0e6a-8f24-4b8d-aae0-9df39466c3ab,82280.7218,EASYPAISA,PENDING,WITHDRAWAL,2026-01-16 08:45:03+00
4efdcfc8-bf84-4609-9f5f-4f8d4edd44f6,b1168690-05a9-4166-ab8a-bba28878258f,a96c0e6a-8f24-4b8d-aae0-9df39466c3ab,14429.3323,JAZZCASH,SUCCESS,REFUND,2026-03-03 07:56:34+00
ae4ab083-134a-4dd8-bb7e-32b4a7d7a1d7,2b5c35dd-905f-4726-896c-bdf1391f6d92,36a18477-648e-40cd-beef-4fa882640fe3,25699.5359,1LINK_IBFT,PENDING,DEPOSIT,2025-12-28 05:41:20+00
cba959de-5687-4492-8811-1c515358ffb8,ee8c0bcf-fd19-4a2c-b2eb-b25cde604cbe,6ada03ff-2bb8-456f-bdeb-99f04e6e979a,28123.7723,1LINK_IBFT,REFUNDED,RELEASE,2026-03-30 02:02:58+00
7493dfed-8781-4eec-bba2-f4169bf82f0c,ee8c0bcf-fd19-4a2c-b2eb-b25cde604cbe,32beed40-a8b3-44b2-9a6a-126ba2efdd48,24951.8714,1LINK_IBFT,REFUNDED,DEPOSIT,2026-03-09 05:25:42+00
7876d539-1e69-4b21-a29e-f14a6537e17c,ee8c0bcf-fd19-4a2c-b2eb-b25cde604cbe,6ada03ff-2bb8-456f-bdeb-99f04e6e979a,59101.1446,HBL_PAYCONNECT,FAILED,REFUND,2026-03-14 16:34:15+00
e692ab9f-2475-4a3f-a63f-8d9ef84d49a4,38c00508-715a-4ce6-946b-ffa213b8a5c6,1e69ef9f-3859-4ae9-a5f6-650beb8d89d5,29221.8683,1LINK_IBFT,PENDING,DEPOSIT,2026-03-14 22:13:16+00
aa0010e3-2777-4bb1-866d-909f54eed60d,38c00508-715a-4ce6-946b-ffa213b8a5c6,5f783559-b6af-4250-b8c9-ef9f96e969a3,85854.0076,EASYPAISA,SUCCESS,RELEASE,2026-02-01 16:35:15+00
