-- ============================================================
-- TrustLink Synthetic Seed Data
-- Generated: 2026-05-22 05:36 UTC
-- Insert order respects FK dependencies
-- ============================================================

SET client_encoding = 'UTF8';
BEGIN;

-- ── currencies (──────────────────────────────────)
INSERT INTO currencies (code, name, symbol, is_active) VALUES
  ('PKR', 'Pakistani Rupee', '₨', TRUE),
  ('USD', 'US Dollar', '$', TRUE),
  ('EUR', 'Euro', '€', TRUE),
  ('GBP', 'British Pound', '£', TRUE),
  ('AED', 'UAE Dirham', 'د.إ', TRUE),
  ('SAR', 'Saudi Riyal', '﷼', FALSE),
  ('CAD', 'Canadian Dollar', 'C$', TRUE),
  ('AUD', 'Australian Dollar', 'A$', TRUE),
  ('JPY', 'Japanese Yen', '¥', FALSE),
  ('CNY', 'Chinese Yuan', '¥', TRUE),
  ('INR', 'Indian Rupee', '₹', TRUE)
ON CONFLICT DO NOTHING;

-- ── payment_gateways (────────────────────────────)
INSERT INTO payment_gateways (code, display_name, is_active) VALUES
  ('JAZZCASH', 'JazzCash', TRUE),
  ('EASYPAISA', 'EasyPaisa', TRUE),
  ('HBL', 'HBL PayConnect', TRUE),
  ('BANK_TRANSFER', 'Interbank Transfer', TRUE),
  ('STRIPE', 'Stripe (Intl)', FALSE)
ON CONFLICT DO NOTHING;

-- ── users (───────────────────────────────────────)
INSERT INTO users (id, email, phone, role, kyc_tier, is_active, created_at) VALUES
  ('7049d436-fdcb-44ed-ae4c-06fda4f6a168', 'richard.gonzalez841@outlook.com', '+92324620914', 'FREELANCER', 3, TRUE, '2025-09-07T09:35:50.701577+00:00'),
  ('a76e8f1a-1b5a-406d-9242-6292c3e1af56', 'harold.wright2911@yahoo.com', '+92302842011', 'FREELANCER', 1, TRUE, '2025-09-20T02:35:50.702030+00:00'),
  ('30e4ba01-2eb5-4df4-b3a0-04069742e7e9', 'kathleen.king6971@gmail.com', '+92326197697', 'FREELANCER', 2, TRUE, '2026-02-11T13:09:50.702324+00:00'),
  ('74ce123b-204a-474f-bffc-8ea53f885eb6', 'patrick.sutton3290@gmail.com', '+92338431849', 'FREELANCER', 2, TRUE, '2026-02-16T17:50:50.702582+00:00'),
  ('d0aa026e-2ed1-4446-a2f0-3549923cb767', 'amanda.mays7802@gmail.com', '+92323523964', 'ADMIN', 3, TRUE, '2025-09-25T02:28:50.702907+00:00'),
  ('2018990f-2b56-4b13-af0a-d8377a2e6e04', 'tracy.fisher1946@yahoo.com', '+92343921501', 'CLIENT', 3, TRUE, '2026-01-05T12:14:50.703191+00:00'),
  ('8eadcf69-7f80-40fd-a595-8eee0899c906', 'christie.robinson8178@yahoo.com', '+92342966512', 'FREELANCER', 3, TRUE, '2025-05-10T03:02:50.703454+00:00'),
  ('d30aad51-da33-440b-b774-df93c4a7364c', 'rachel.brooks4714@gmail.com', '+92391799898', 'FREELANCER', 2, TRUE, '2025-10-31T17:10:50.703709+00:00'),
  ('58ad4cd5-b2da-44c4-baaa-c0f44c3d570a', 'paul.fleming6785@outlook.com', '+92382554649', 'FREELANCER', 1, TRUE, '2025-10-13T05:40:50.703950+00:00'),
  ('9aadaf6b-8894-426a-8531-3fdbaaeb5fd0', 'edwin.guerrero6531@hotmail.com', '+92336224739', 'CLIENT', 3, TRUE, '2025-04-18T20:28:50.704183+00:00'),
  ('18613aee-03ee-4059-a67a-45dd3d32d28a', 'melissa.morgan5144@yahoo.com', '+92337434977', 'CLIENT', 2, TRUE, '2026-03-11T15:08:50.704424+00:00'),
  ('70e83877-9476-47e6-8eb5-1b148b5f6748', 'stacey.rice4198@gmail.com', '+92385916224', 'CLIENT', 3, TRUE, '2025-08-20T12:26:50.704667+00:00'),
  ('51fcb34c-6405-4024-975d-24ff149c2a9c', 'kim.harrison4208@hotmail.com', '+92347867459', 'COMPLIANCE_OFFICER', 3, FALSE, '2025-06-14T00:16:50.704954+00:00'),
  ('c31cb78f-e21f-4a84-957e-67958fdf321a', 'richard.adams6209@hotmail.com', '+92337372398', 'FREELANCER', 2, TRUE, '2026-04-19T08:12:50.705183+00:00'),
  ('2b905960-78c7-42fe-8403-4bdf8b0eec2b', 'adrian.harris4840@yahoo.com', '+92325378570', 'CLIENT', 2, TRUE, '2025-04-25T22:08:50.705434+00:00'),
  ('40436112-77eb-4017-9eca-31e686fc0064', 'veronica.ferguson5662@hotmail.com', '+92302884620', 'FREELANCER', 2, TRUE, '2025-07-28T19:51:50.705664+00:00'),
  ('b70759ac-fb5d-4261-8d71-37b125921ab5', 'steven.mccullough2743@hotmail.com', '+92335427616', 'CLIENT', 3, TRUE, '2025-08-25T12:01:50.705946+00:00'),
  ('0788edfd-2885-4f10-b0ac-2c0041f72a1a', 'catherine.davila9928@outlook.com', '+92331345908', 'FREELANCER', 3, TRUE, '2026-03-14T11:32:50.706578+00:00'),
  ('2bcafc3f-322a-46de-a2f4-e310a5695fb7', 'michael.lewis956@hotmail.com', '+92347194592', 'CLIENT', 3, TRUE, '2025-04-23T10:58:50.706959+00:00'),
  ('4eee5935-6908-4cc9-a46c-736e719f927f', 'samantha.martin4837@yahoo.com', '+92317621313', 'FREELANCER', 2, TRUE, '2025-08-29T19:26:50.707241+00:00'),
  ('42c52773-f8ae-4373-af38-827b571ace67', 'latoya.larson2141@hotmail.com', '+92368015611', 'FREELANCER', 2, TRUE, '2025-10-19T21:21:50.707518+00:00'),
  ('eab4ea83-34dc-4c84-a504-6d26a70672bd', 'tonya.raymond4483@hotmail.com', '+92397419873', 'FREELANCER', 1, TRUE, '2025-08-19T10:37:50.707784+00:00'),
  ('ef477e12-bd32-4a32-902b-268326241525', 'donna.johnson7805@yahoo.com', '+92319919834', 'CLIENT', 2, TRUE, '2026-04-15T02:13:50.708040+00:00'),
  ('6872ee47-6643-4718-b09f-4476d930b48c', 'andrew.wells8096@gmail.com', '+92351066111', 'FREELANCER', 2, TRUE, '2025-06-02T04:57:50.708280+00:00'),
  ('8ab19e94-bdbd-4a2e-a50f-3855a8a6ed5b', 'lori.miller5228@hotmail.com', '+92343784753', 'CLIENT', 1, TRUE, '2025-10-01T04:31:50.708649+00:00'),
  ('39f4db77-1552-4c4b-8e3c-7add3e63dbc7', 'ronald.miller5610@yahoo.com', '+92385901557', 'FREELANCER', 1, TRUE, '2025-04-30T16:20:50.709051+00:00'),
  ('2bc1f037-5253-4bd8-80d1-d18a59fc3600', 'kyle.smith3089@gmail.com', '+92373882944', 'FREELANCER', 2, TRUE, '2026-03-16T11:36:50.709303+00:00'),
  ('35ae4089-fd3d-4432-bd46-24076ced8fcb', 'mark.mills3248@yahoo.com', '+92359975013', 'FREELANCER', 1, TRUE, '2026-02-17T01:25:50.709550+00:00'),
  ('1ee784f9-10a9-4852-ae81-fbca3d91120a', 'james.cobb8935@gmail.com', '+92309602233', 'FREELANCER', 2, TRUE, '2025-04-19T21:55:50.709855+00:00'),
  ('62f239dc-ae35-4e77-a6dd-2c1f9419018f', 'brian.lewis9966@yahoo.com', '+92351886030', 'CLIENT', 3, TRUE, '2025-09-10T23:15:50.710112+00:00'),
  ('73e93709-8483-41ce-b789-42c9766255f3', 'jonathan.powell2943@gmail.com', '+92329330851', 'ADMIN', 3, TRUE, '2025-07-29T05:35:50.710373+00:00'),
  ('323703bf-9386-4840-a317-6d4044b083b0', 'kathryn.gomez206@yahoo.com', '+92362626825', 'FREELANCER', 3, FALSE, '2025-07-05T14:48:50.710680+00:00'),
  ('377b55cc-3718-4320-a8f7-945d6f993626', 'heather.nielsen9871@gmail.com', '+92323792949', 'FREELANCER', 3, TRUE, '2025-11-12T11:32:50.710951+00:00'),
  ('cd861fd9-0552-442e-9cf9-c30c3941a57f', 'david.shields9574@hotmail.com', '+92306043862', 'FREELANCER', 3, TRUE, '2026-04-16T19:43:50.711189+00:00'),
  ('900a5547-efc8-4263-be74-bbe03405259e', 'carol.burgess9110@outlook.com', '+92343073745', 'MODERATOR', 2, TRUE, '2026-04-01T18:24:50.711421+00:00'),
  ('428a2e37-d6b6-4557-87c7-17e8eaa04973', 'cathy.ortiz9937@outlook.com', '+92356485392', 'CLIENT', 3, FALSE, '2025-10-11T20:55:50.711651+00:00'),
  ('bed888e4-dd5c-4414-b749-f4a6630fe115', 'colin.thomas3714@yahoo.com', '+92305844829', 'CLIENT', 3, TRUE, '2025-04-20T22:23:50.711973+00:00'),
  ('6e19daad-a7ba-4516-96fe-44adc8c98723', 'grant.thompson8588@hotmail.com', '+92304559502', 'CLIENT', 2, TRUE, '2025-07-06T02:07:50.712244+00:00'),
  ('4dbfe6ad-8284-4b73-9bb5-105554f92fb6', 'dustin.clark71@gmail.com', '+92333210486', 'CLIENT', 3, TRUE, '2025-11-20T03:38:50.712486+00:00'),
  ('a7500a4b-0888-4b4c-8dd7-9a285954d237', 'ann.townsend4172@yahoo.com', '+92398224753', 'MODERATOR', 1, TRUE, '2026-04-03T13:09:50.712762+00:00'),
  ('a2cc882d-3430-4415-99d1-3b79bf519673', 'lauren.mathis7312@gmail.com', '+92324914399', 'FREELANCER', 2, TRUE, '2025-06-13T03:11:50.713015+00:00'),
  ('8c4fc713-c367-4bd8-87fb-05d4f8aca845', 'david.short8225@yahoo.com', '+92339130911', 'FREELANCER', 2, TRUE, '2025-09-10T10:22:50.713256+00:00'),
  ('574a3b04-be48-4c98-9f22-974c6beb201a', 'jacob.jones2844@yahoo.com', '+92375167795', 'FREELANCER', 1, TRUE, '2026-01-26T09:01:50.713499+00:00'),
  ('3366848f-2d91-4023-91ac-54ce88641b6d', 'keith.willis8266@gmail.com', '+92335035002', 'FREELANCER', 2, TRUE, '2025-09-18T17:01:50.713781+00:00'),
  ('25ff57f5-1ebb-4ed1-b47f-8732bd99694a', 'brandon.robinson9199@gmail.com', '+92335202648', 'FREELANCER', 2, TRUE, '2025-08-11T23:28:50.714034+00:00'),
  ('ea90d380-53f1-4dd3-9543-fa30b45df102', 'raymond.short485@gmail.com', '+92362042761', 'FREELANCER', 2, TRUE, '2025-05-17T20:23:50.714277+00:00'),
  ('a425f6e8-8420-44f8-9e21-3f65520cd42d', 'reginald.gutierrez4395@outlook.com', '+92309897200', 'CLIENT', 2, TRUE, '2026-02-23T00:12:50.714516+00:00'),
  ('cb9551b6-2d8e-4e7f-a0b7-901fe47d0e80', 'nathan.davis6378@yahoo.com', '+92349906289', 'FREELANCER', 2, TRUE, '2026-04-08T18:20:50.714801+00:00'),
  ('e6012de9-d583-4b01-a7a8-b1da27138cfd', 'nichole.leblanc2313@gmail.com', '+92361302987', 'FREELANCER', 2, TRUE, '2025-10-11T22:00:50.715053+00:00'),
  ('2772ca7d-0d78-41b2-9f7d-cfc91b122400', 'jennifer.ross2514@gmail.com', '+92301487359', 'FREELANCER', 1, TRUE, '2025-06-08T20:46:50.715290+00:00')
ON CONFLICT DO NOTHING;

-- ── user_profiles (───────────────────────────────)
INSERT INTO user_profiles (id, user_id, bio, skills, portfolio_url, city, country) VALUES
  ('86306571-bdaf-4f1b-9f6f-ceb6f170eef5', '7049d436-fdcb-44ed-ae4c-06fda4f6a168', 'Discover table difficult result black reach finish shake represent represent himself just where think inside traditional attorney fall.', '{"Node.js","Web Development"}', 'https://portfolio.kristina82.pk', 'Lahore', 'Pakistan'),
  ('705d19eb-9c7a-491d-948f-1fdffe9c7387', 'a76e8f1a-1b5a-406d-9242-6292c3e1af56', 'Issue fact why step city her question television peace resource create front culture above.', '{"UI/UX Design","Laravel","iOS Development","React.js","Social Media Management"}', 'https://portfolio.heather32.pk', 'Sialkot', 'Pakistan'),
  ('3e000ba6-fa7c-4ab7-a8a1-2b271aada831', '30e4ba01-2eb5-4df4-b3a0-04069742e7e9', 'Price sea term discuss team generation hundred both mother ability financial public section.', '{"Android Dev","Voice Over","Node.js","Data Entry","WordPress Development"}', 'https://portfolio.williamshaffer.pk', 'Sargodha', 'Pakistan'),
  ('2eeed4ce-f8ab-454f-ae46-fd66627c56a4', '74ce123b-204a-474f-bffc-8ea53f885eb6', 'Enough surface indicate night personal should store paper explain school yourself.', '{"Data Entry","Translation"}', 'https://portfolio.charles00.pk', 'Lahore', 'Pakistan'),
  ('03fc5e29-b3b8-4b9c-8e64-8ce823fd2f03', 'd0aa026e-2ed1-4446-a2f0-3549923cb767', 'Feel wife phone represent offer create beyond tell house smile enter forget there top test reason.', '{"Motion Graphics","Data Entry"}', NULL, 'Gujranwala', 'Pakistan'),
  ('fbdba854-4368-4cc0-ad55-741636b33667', '2018990f-2b56-4b13-af0a-d8377a2e6e04', 'Industry west condition economic event of threat him step view look throw threat live college avoid dream least address form.', '{"Data Entry","Logo Design"}', NULL, 'Gujranwala', 'Pakistan'),
  ('a0f43825-17b4-4a38-b05e-b92598d40f7d', '8eadcf69-7f80-40fd-a595-8eee0899c906', 'Authority pretty about quite every activity five end carry turn however answer memory new factor study arm simple director country.', '{"Video Editing","Copywriting","Django"}', 'https://portfolio.rjackson.pk', 'Sialkot', 'Pakistan'),
  ('c2532862-1e16-4603-a763-fd88957a8d87', 'd30aad51-da33-440b-b774-df93c4a7364c', 'Audience try simply community government whether movement sea box call carry nation almost mention.', '{"Photography Editing","iOS Development"}', 'https://portfolio.yjackson.pk', 'Lahore', 'Pakistan'),
  ('088da690-bbb9-4198-9b3b-1861cb7dcd02', '58ad4cd5-b2da-44c4-baaa-c0f44c3d570a', 'Past set particularly future apply garden person could conference book market whom room actually heavy.', '{"Graphic Design","iOS Development","Web Development","Logo Design","Social Media Management"}', 'https://portfolio.pattonveronica.pk', 'Peshawar', 'Pakistan'),
  ('c5b30a8d-a233-4fc0-902e-a51277a5f750', '9aadaf6b-8894-426a-8531-3fdbaaeb5fd0', 'Kitchen society them bag stage then stuff similar health finish animal however feel city want thing special fast buy into authority government paper.', '{"Translation","Motion Graphics","Photography Editing","Laravel"}', NULL, 'Abbottabad', 'Pakistan'),
  ('ec4da792-c74d-4ddd-a006-5c3bcb792f8f', '18613aee-03ee-4059-a67a-45dd3d32d28a', 'Suggest professional south why heavy establish dinner character purpose shake voice school industry.', '{"Logo Design","Python"}', NULL, 'Lahore', 'Pakistan'),
  ('64358d0a-a311-47e9-a752-a10b44fc9d96', '70e83877-9476-47e6-8eb5-1b148b5f6748', 'Company image approach drop employee such behind above want.', '{"Data Entry","Copywriting","iOS Development","Social Media Management","WordPress Development","Photography Editing"}', NULL, 'Bahawalpur', 'Pakistan'),
  ('a14dc22f-f612-4d41-9043-43a8d517f15a', '51fcb34c-6405-4024-975d-24ff149c2a9c', 'Capital well picture article they consumer share chance usually.', '{"Mobile App Development","3D Modeling"}', NULL, 'Hyderabad', 'Pakistan'),
  ('c97980a4-69cb-4a19-b994-3f55ed4748be', 'c31cb78f-e21f-4a84-957e-67958fdf321a', 'Me view with available open game car true before maybe discussion of.', '{"Flutter","Video Editing","Django"}', 'https://portfolio.jennifergarcia.pk', 'Gujranwala', 'Pakistan'),
  ('22448e84-4e23-4b82-b203-32e8996ea303', '2b905960-78c7-42fe-8403-4bdf8b0eec2b', 'Cut song care scene eat subject either prepare public mean that myself doctor modern reach inside modern authority economy short free country soldier ahead although artist couple.', '{"Web Development","Machine Learning","Graphic Design","WordPress Development","Video Editing","Laravel"}', NULL, 'Hyderabad', 'Pakistan'),
  ('0c639eec-1db2-4811-9eeb-1b9de115e1e3', '40436112-77eb-4017-9eca-31e686fc0064', 'Production continue too public act morning cultural hair city.', '{"Web Development","Flutter"}', 'https://portfolio.tthomas.pk', 'Islamabad', 'Pakistan'),
  ('faaeb5b0-4c27-4142-a9d2-62d8b8115d70', 'b70759ac-fb5d-4261-8d71-37b125921ab5', 'Employee laugh want agree discuss part strong here grow fish heart Mrs sister again compare develop per.', '{"Machine Learning","Android Dev","Laravel"}', NULL, 'Islamabad', 'Pakistan'),
  ('3e4f8ae4-5824-4d38-b844-9632e442cc5c', '0788edfd-2885-4f10-b0ac-2c0041f72a1a', 'Population its price ball such risk market next heart next popular.', '{"Graphic Design","Logo Design","Machine Learning","SEO & Digital Marketing","Android Dev"}', 'https://portfolio.jennifer14.pk', 'Peshawar', 'Pakistan'),
  ('1e1e27b0-cd96-4ee2-a19c-eec757f23c57', '2bcafc3f-322a-46de-a2f4-e310a5695fb7', 'During us detail for bill then perform during kind know admit season back himself scene executive share top region international upon fly.', '{"UI/UX Design","Data Entry"}', NULL, 'Faisalabad', 'Pakistan'),
  ('29a8be08-6dcb-44a2-ac12-7bfde4aceba3', '4eee5935-6908-4cc9-a46c-736e719f927f', 'Painting movement the black expert simple attention understand law.', '{"iOS Development","SEO & Digital Marketing","Android Dev","Data Entry"}', 'https://portfolio.mmorgan.pk', 'Karachi', 'Pakistan'),
  ('100346e1-1c4e-4295-9d45-503e5b1d2000', '42c52773-f8ae-4373-af38-827b571ace67', 'Recent answer base can improve interest production only adult.', '{"Machine Learning","UI/UX Design","Data Entry","Social Media Management","Python","Content Writing"}', 'https://portfolio.lloydjeffery.pk', 'Gujranwala', 'Pakistan'),
  ('fac9b5c2-4de3-4a3a-8cfe-56c1e478b4b9', 'eab4ea83-34dc-4c84-a504-6d26a70672bd', 'Actually involve voice expert study standard real your relationship bit success seem.', '{"Video Editing","Android Dev","Translation","Logo Design","Machine Learning"}', 'https://portfolio.ewelch.pk', 'Faisalabad', 'Pakistan'),
  ('073772a6-7508-48a9-802b-892b0a800cdc', 'ef477e12-bd32-4a32-902b-268326241525', 'We fight support road send road along painting attorney list campaign fact.', '{"Data Entry","Node.js","SEO & Digital Marketing","Copywriting","Logo Design","Content Writing"}', NULL, 'Multan', 'Pakistan'),
  ('1a0dc100-b66e-4480-9ace-f6ea4b9370c6', '6872ee47-6643-4718-b09f-4476d930b48c', 'Design you show fill language matter play least chance forget can maybe party own audience new sit of front size human soldier.', '{"Content Writing","Data Analysis","Translation","Motion Graphics","Photography Editing","React.js"}', 'https://portfolio.hendersonronald.pk', 'Sialkot', 'Pakistan'),
  ('f7213697-f2ee-47c2-ab1f-3838c32876e6', '8ab19e94-bdbd-4a2e-a50f-3855a8a6ed5b', 'Base crime value since federal boy rule remain community never political.', '{"Motion Graphics","Voice Over"}', NULL, 'Sargodha', 'Pakistan'),
  ('4473d6c6-dca9-48e0-919c-c7c12083c54f', '39f4db77-1552-4c4b-8e3c-7add3e63dbc7', 'Pattern food whole design identify mean kitchen whom look pattern design.', '{"3D Modeling","Web Development","WordPress Development"}', 'https://portfolio.bradleynguyen.pk', 'Gujranwala', 'Pakistan'),
  ('aeb414ca-40c3-4c11-9962-a1620616863e', '2bc1f037-5253-4bd8-80d1-d18a59fc3600', 'Wall trial surface specific physical painting responsibility whether page newspaper rock suddenly move after.', '{"Web Development","Flutter"}', 'https://portfolio.eric60.pk', 'Peshawar', 'Pakistan'),
  ('e13866f2-d394-4e23-a37e-637e741b204a', '35ae4089-fd3d-4432-bd46-24076ced8fcb', 'Move western newspaper street common forget western read.', '{"Graphic Design","UI/UX Design","Web Development","Video Editing","Android Dev"}', 'https://portfolio.antonio56.pk', 'Faisalabad', 'Pakistan'),
  ('9b0d1dcd-4e41-4d1a-b8d0-4c73f353ad5a', '1ee784f9-10a9-4852-ae81-fbca3d91120a', 'Player American pick little investment name here option strategy help black.', '{"Graphic Design","Content Writing","iOS Development"}', 'https://portfolio.tinabell.pk', 'Bahawalpur', 'Pakistan'),
  ('2b3688a7-dda8-42a0-948b-69628e81c268', '62f239dc-ae35-4e77-a6dd-2c1f9419018f', 'Energy better above hospital order order page with yes everybody time care thought.', '{"SEO & Digital Marketing","Machine Learning","Voice Over","Django"}', NULL, 'Rawalpindi', 'Pakistan'),
  ('c4629785-1fb7-4699-a8cc-899ac7512dc1', '73e93709-8483-41ce-b789-42c9766255f3', 'Expert reduce situation tax agree meet energy east model campaign field.', '{"Photography Editing","Graphic Design"}', NULL, 'Karachi', 'Pakistan'),
  ('fd381418-e7d4-4eab-93c7-67429952d882', '323703bf-9386-4840-a317-6d4044b083b0', 'Begin who ahead man long at they drop medical also law society type no can poor yeah simply movie.', '{"Logo Design","Python","WordPress Development"}', 'https://portfolio.brownmaria.pk', 'Karachi', 'Pakistan'),
  ('f35a2ede-13ad-434b-99df-926549767fa4', '377b55cc-3718-4320-a8f7-945d6f993626', 'Late poor seven market responsibility describe and detail world.', '{"Node.js","Data Entry","Social Media Management","Voice Over","Photography Editing"}', 'https://portfolio.ilopez.pk', 'Rawalpindi', 'Pakistan'),
  ('743e1394-48af-4fa1-92c2-1cb50605c3c0', 'cd861fd9-0552-442e-9cf9-c30c3941a57f', 'Leader strong again story staff feeling personal rather now summer voice marriage carry off recently change TV skin office health subject program what.', '{"Content Writing","Mobile App Development","Laravel","WordPress Development"}', 'https://portfolio.gregory47.pk', 'Hyderabad', 'Pakistan'),
  ('7c3120d8-9116-4e50-be01-455136dea1ad', '900a5547-efc8-4263-be74-bbe03405259e', 'Home include writer when field a commercial wish reduce discussion toward theory.', '{"Video Editing","Data Analysis","Node.js"}', NULL, 'Gujranwala', 'Pakistan'),
  ('6470ff76-408a-4cb4-bf50-53427cb1ad87', '428a2e37-d6b6-4557-87c7-17e8eaa04973', 'City technology feel focus grow claim enter site accept natural let.', '{"Laravel","Social Media Management","SEO & Digital Marketing","Photography Editing","React.js"}', NULL, 'Islamabad', 'Pakistan'),
  ('7da0c5a6-0662-424f-84f7-7f240480f4fc', 'bed888e4-dd5c-4414-b749-f4a6630fe115', 'Picture rule concern note real answer human property check whatever deep brother reach world significant mother foreign democratic ask difference pick easy.', '{"Data Analysis","Voice Over","Logo Design","Web Development","iOS Development","Photography Editing"}', NULL, 'Multan', 'Pakistan'),
  ('d374b00d-2601-4c3f-a15c-da0495235bf1', '6e19daad-a7ba-4516-96fe-44adc8c98723', 'Church each imagine west game continue right beat likely democratic wish.', '{"Content Writing","Flutter","Mobile App Development"}', NULL, 'Sialkot', 'Pakistan'),
  ('72aaa023-0a76-4302-899e-f4de4e53d248', '4dbfe6ad-8284-4b73-9bb5-105554f92fb6', 'Fund according consumer news PM others popular five say collection under loss hear success western yard less.', '{"Django","Voice Over","Logo Design","Machine Learning"}', NULL, 'Islamabad', 'Pakistan'),
  ('5efe3fd9-cd33-4f0f-a88f-23bb63ca7f61', 'a7500a4b-0888-4b4c-8dd7-9a285954d237', 'Rather maintain other movie pass single low who total lawyer building majority herself thousand fire art.', '{"WordPress Development","Laravel","Android Dev","Data Analysis","Graphic Design","Voice Over"}', NULL, 'Karachi', 'Pakistan'),
  ('5a36d006-447f-4b3d-8733-373397cf4c8c', 'a2cc882d-3430-4415-99d1-3b79bf519673', 'Call situation usually natural week us yard a.', '{"Flutter","Video Editing","Node.js","SEO & Digital Marketing"}', 'https://portfolio.briannalopez.pk', 'Islamabad', 'Pakistan'),
  ('7bddcaf3-8f94-476e-8f40-9f488170c2f4', '8c4fc713-c367-4bd8-87fb-05d4f8aca845', 'Sign effect generation wish when short although detail owner deal military according leave live.', '{"Social Media Management","Python"}', 'https://portfolio.michael53.pk', 'Sukkur', 'Pakistan'),
  ('fcc3c961-c296-4c87-a327-8fcd725ff80b', '574a3b04-be48-4c98-9f22-974c6beb201a', 'Admit later cold western state very degree themselves trial executive spring hard control.', '{"Voice Over","Python","React.js","3D Modeling","Node.js","Data Analysis"}', 'https://portfolio.tcook.pk', 'Lahore', 'Pakistan'),
  ('84f39511-e88b-49fa-9b23-44fedeb0daaa', '3366848f-2d91-4023-91ac-54ce88641b6d', 'Possible address agreement movie bed blue various weight Republican type ready unit about.', '{"Android Dev","React.js","Content Writing"}', 'https://portfolio.michael95.pk', 'Faisalabad', 'Pakistan'),
  ('eccc468e-3d6e-46c8-8a82-eea42e28295a', '25ff57f5-1ebb-4ed1-b47f-8732bd99694a', 'Where truth thus various enter cold still program strong which bad property author bank dark.', '{"Web Development","React.js"}', 'https://portfolio.paul53.pk', 'Multan', 'Pakistan'),
  ('c50eda68-6f65-4069-83e3-b416d41b54c3', 'ea90d380-53f1-4dd3-9543-fa30b45df102', 'Approach car economy no collection prepare thank fire help marriage soldier college.', '{"Motion Graphics","3D Modeling","Graphic Design","Photography Editing","Django","Logo Design"}', 'https://portfolio.douglaseric.pk', 'Peshawar', 'Pakistan'),
  ('281d4156-c4d8-4656-9572-4a4722e2299d', 'a425f6e8-8420-44f8-9e21-3f65520cd42d', 'Would light arrive explain government else fire dream eat it both.', '{"Content Writing","Django","Machine Learning"}', NULL, 'Faisalabad', 'Pakistan'),
  ('001e24ad-c6c5-43fc-823e-9c78bce9ec0c', 'cb9551b6-2d8e-4e7f-a0b7-901fe47d0e80', 'Base nice a option cover majority growth you study themselves discussion upon spring law indicate tell cultural walk thousand example also despite future level.', '{"Voice Over","Translation"}', 'https://portfolio.craigwarner.pk', 'Faisalabad', 'Pakistan'),
  ('bc5726bb-d1ff-4c3e-a8d4-40180f2c27d6', 'e6012de9-d583-4b01-a7a8-b1da27138cfd', 'Company writer evening summer address beautiful administration because avoid bad rich.', '{"Motion Graphics","Flutter","Translation"}', 'https://portfolio.laura55.pk', 'Islamabad', 'Pakistan'),
  ('03b78ea2-6d6b-4387-a1c5-a349f3ca3d8c', '2772ca7d-0d78-41b2-9f7d-cfc91b122400', 'Knowledge outside into light mention fly away company financial.', '{"Logo Design","Flutter","iOS Development","Python"}', 'https://portfolio.carol33.pk', 'Sukkur', 'Pakistan')
ON CONFLICT DO NOTHING;

-- ── wallets (─────────────────────────────────────)
INSERT INTO wallets (id, user_id, balance, locked_balance, currency_code, is_frozen, updated_at) VALUES
  ('731a4554-dabb-4561-a19b-8f30210b3562', '7049d436-fdcb-44ed-ae4c-06fda4f6a168', '289378.3000', '4407.6200', 'PKR', FALSE, '2025-09-23T09:35:50.701577+00:00'),
  ('72c9451c-3f3b-4873-a40f-55429504a2ca', 'a76e8f1a-1b5a-406d-9242-6292c3e1af56', '195368.9200', '74968.1300', 'PKR', FALSE, '2025-10-15T02:35:50.702030+00:00'),
  ('dc3cd2c5-3fab-46ae-980e-e413a5600a1b', '30e4ba01-2eb5-4df4-b3a0-04069742e7e9', '152240.5000', '5676.6600', 'PKR', FALSE, '2026-03-09T13:09:50.702324+00:00'),
  ('7d6680ec-01cc-417f-9fcc-283133844662', '74ce123b-204a-474f-bffc-8ea53f885eb6', '20966.4900', '7444.1600', 'PKR', FALSE, '2026-03-09T17:50:50.702582+00:00'),
  ('3dbc01a9-86dd-4d23-a829-17694102ee99', 'd0aa026e-2ed1-4446-a2f0-3549923cb767', '278097.6900', '53291.7500', 'PKR', FALSE, '2025-09-27T02:28:50.702907+00:00'),
  ('c9b86ec2-802e-46d3-9b2e-e8b6bade4c3f', '2018990f-2b56-4b13-af0a-d8377a2e6e04', '19389.0200', '16058.1900', 'PKR', FALSE, '2026-02-04T12:14:50.703191+00:00'),
  ('e218c72d-57d8-4839-b7ca-a74c3c77fc03', '8eadcf69-7f80-40fd-a595-8eee0899c906', '4679.0200', '947.6500', 'PKR', FALSE, '2025-05-25T03:02:50.703454+00:00'),
  ('99d6a7da-2093-416e-b293-96b7d5632582', 'd30aad51-da33-440b-b774-df93c4a7364c', '148984.9200', '107005.9600', 'PKR', FALSE, '2025-11-02T17:10:50.703709+00:00'),
  ('5139fce2-460e-4714-b2d0-4ad3a0d4baef', '58ad4cd5-b2da-44c4-baaa-c0f44c3d570a', '182141.6700', '23349.4700', 'PKR', FALSE, '2025-10-19T05:40:50.703950+00:00'),
  ('aa6f0e2b-a901-4d0f-8284-54f7b3554194', '9aadaf6b-8894-426a-8531-3fdbaaeb5fd0', '266445.2800', '145546.3800', 'PKR', FALSE, '2025-05-06T20:28:50.704183+00:00'),
  ('0ea8b17d-1364-4003-ba16-3356d7fc176d', '18613aee-03ee-4059-a67a-45dd3d32d28a', '137292.4900', '114546.9700', 'PKR', FALSE, '2026-04-07T15:08:50.704424+00:00'),
  ('3d0c5910-768d-485c-a1e5-cd3f1f925739', '70e83877-9476-47e6-8eb5-1b148b5f6748', '216696.5600', '4893.1800', 'PKR', FALSE, '2025-08-22T12:26:50.704667+00:00'),
  ('82b9ed97-4a44-4125-9fbf-d7927f87e5d2', '51fcb34c-6405-4024-975d-24ff149c2a9c', '205957.1300', '85436.7800', 'PKR', FALSE, '2025-07-09T00:16:50.704954+00:00'),
  ('87c2f0bc-6127-4f52-9fb2-3e5f9a3a1267', 'c31cb78f-e21f-4a84-957e-67958fdf321a', '149478.1600', '20356.3800', 'PKR', FALSE, '2026-05-12T08:12:50.705183+00:00'),
  ('2f235a76-caa7-436b-9c9b-230254f7aaf7', '2b905960-78c7-42fe-8403-4bdf8b0eec2b', '267270.5100', '103707.7200', 'PKR', FALSE, '2025-05-06T22:08:50.705434+00:00'),
  ('47ca1ee8-255c-405d-962f-ff08a9306b73', '40436112-77eb-4017-9eca-31e686fc0064', '172807.3500', '55934.2600', 'PKR', FALSE, '2025-08-19T19:51:50.705664+00:00'),
  ('679e3fa8-fd2d-4f83-bc17-544ef342c1b5', 'b70759ac-fb5d-4261-8d71-37b125921ab5', '124470.6900', '84223.3800', 'PKR', FALSE, '2025-09-03T12:01:50.705946+00:00'),
  ('b472503a-a8a5-492a-892e-94ac02f046d8', '0788edfd-2885-4f10-b0ac-2c0041f72a1a', '143582.9800', '11396.1000', 'PKR', FALSE, '2026-04-07T11:32:50.706578+00:00'),
  ('5bc459f0-535c-4427-a1cf-4e56c4c19390', '2bcafc3f-322a-46de-a2f4-e310a5695fb7', '296884.8700', '143703.9200', 'PKR', FALSE, '2025-04-24T10:58:50.706959+00:00'),
  ('3af90010-a7d1-4c35-b9f3-85984bda4f65', '4eee5935-6908-4cc9-a46c-736e719f927f', '167031.4200', '115551.4200', 'PKR', FALSE, '2025-09-07T19:26:50.707241+00:00'),
  ('92ce943e-9f48-4f63-8d51-dab1d30c8900', '42c52773-f8ae-4373-af38-827b571ace67', '69537.0400', '62880.0800', 'PKR', FALSE, '2025-11-11T21:21:50.707518+00:00'),
  ('8ec9e210-90cc-492c-88ef-90aed6debec0', 'eab4ea83-34dc-4c84-a504-6d26a70672bd', '252355.5200', '23913.2100', 'PKR', FALSE, '2025-08-29T10:37:50.707784+00:00'),
  ('9eb6b230-b95b-4bcb-b104-5aa8d3630890', 'ef477e12-bd32-4a32-902b-268326241525', '76741.8100', '30191.5800', 'PKR', FALSE, '2026-05-14T02:13:50.708040+00:00'),
  ('a7b5e74e-51ef-4a2b-af9f-94bcec0b855d', '6872ee47-6643-4718-b09f-4476d930b48c', '79541.7600', '62249.1500', 'PKR', FALSE, '2025-06-20T04:57:50.708280+00:00'),
  ('797d6e54-216a-424c-b180-015ee218b342', '8ab19e94-bdbd-4a2e-a50f-3855a8a6ed5b', '139097.7100', '38617.1800', 'PKR', FALSE, '2025-10-22T04:31:50.708649+00:00'),
  ('ec98e11b-230d-4662-b96b-dc4d10bbc673', '39f4db77-1552-4c4b-8e3c-7add3e63dbc7', '95555.0600', '60353.6100', 'PKR', FALSE, '2025-05-05T16:20:50.709051+00:00'),
  ('50b0c24b-281e-4fd0-a9e0-4c6223fef56a', '2bc1f037-5253-4bd8-80d1-d18a59fc3600', '207222.3600', '7238.0200', 'PKR', FALSE, '2026-04-07T11:36:50.709303+00:00'),
  ('37581f2f-05c2-4755-9b0c-6686f5f6a887', '35ae4089-fd3d-4432-bd46-24076ced8fcb', '176239.2500', '119334.8400', 'PKR', FALSE, '2026-03-06T01:25:50.709550+00:00'),
  ('b670d523-f8f6-4750-8f0a-7a899aac6c54', '1ee784f9-10a9-4852-ae81-fbca3d91120a', '35314.5900', '24283.9100', 'PKR', TRUE, '2025-05-14T21:55:50.709855+00:00'),
  ('3c03bbff-f78b-4b41-a807-92c3716e1005', '62f239dc-ae35-4e77-a6dd-2c1f9419018f', '127058.0500', '40178.9600', 'PKR', TRUE, '2025-10-03T23:15:50.710112+00:00'),
  ('2cce0f13-1084-4ea3-b332-c897ac45d461', '73e93709-8483-41ce-b789-42c9766255f3', '19313.8200', '4323.2300', 'PKR', FALSE, '2025-08-06T05:35:50.710373+00:00'),
  ('b9155b4f-f248-4932-9286-c22182ddb941', '323703bf-9386-4840-a317-6d4044b083b0', '238420.6800', '58003.0700', 'PKR', TRUE, '2025-07-28T14:48:50.710680+00:00'),
  ('7935e90f-34eb-4b9c-9f14-b079be37097e', '377b55cc-3718-4320-a8f7-945d6f993626', '122270.7500', '116628.7900', 'PKR', FALSE, '2025-11-18T11:32:50.710951+00:00'),
  ('9e989dd8-7c33-42e8-8b96-8675095ce81e', 'cd861fd9-0552-442e-9cf9-c30c3941a57f', '17860.6400', '1009.1700', 'PKR', FALSE, '2026-04-29T19:43:50.711189+00:00'),
  ('8a80f0e6-ec46-4616-9ae7-ced0812f763c', '900a5547-efc8-4263-be74-bbe03405259e', '64581.9300', '63026.9100', 'PKR', FALSE, '2026-04-18T18:24:50.711421+00:00'),
  ('d623d6e3-c456-46fd-96cb-488df79d3487', '428a2e37-d6b6-4557-87c7-17e8eaa04973', '2075.9000', '378.8400', 'PKR', FALSE, '2025-11-01T20:55:50.711651+00:00'),
  ('bd74f305-d430-4990-8827-9114beb4a281', 'bed888e4-dd5c-4414-b749-f4a6630fe115', '128597.1300', '112163.0900', 'PKR', FALSE, '2025-04-29T22:23:50.711973+00:00'),
  ('499990e7-0d2c-456d-9eaf-4f892c92f1e0', '6e19daad-a7ba-4516-96fe-44adc8c98723', '221015.4700', '25295.0700', 'PKR', FALSE, '2025-07-22T02:07:50.712244+00:00'),
  ('d581d3d3-131c-4301-b620-8268b443692c', '4dbfe6ad-8284-4b73-9bb5-105554f92fb6', '170613.0000', '103665.1800', 'PKR', FALSE, '2025-12-06T03:38:50.712486+00:00'),
  ('813def7e-a948-4b12-84a9-4d3101539b6e', 'a7500a4b-0888-4b4c-8dd7-9a285954d237', '297431.1600', '69612.1700', 'PKR', FALSE, '2026-04-20T13:09:50.712762+00:00'),
  ('5d6eea8d-c5a9-4801-90f4-1a13bb8baadc', 'a2cc882d-3430-4415-99d1-3b79bf519673', '146156.9500', '87078.4600', 'PKR', FALSE, '2025-07-03T03:11:50.713015+00:00'),
  ('d57c871b-0bfa-4f9e-9484-62ea78de8ccb', '8c4fc713-c367-4bd8-87fb-05d4f8aca845', '139195.9400', '13658.7100', 'PKR', FALSE, '2025-10-10T10:22:50.713256+00:00'),
  ('cd091c23-05b6-417f-aa9f-b97c767119c5', '574a3b04-be48-4c98-9f22-974c6beb201a', '270695.9000', '68177.7300', 'PKR', FALSE, '2026-02-11T09:01:50.713499+00:00'),
  ('1fcfc388-e112-49e5-912a-29a30c91bb58', '3366848f-2d91-4023-91ac-54ce88641b6d', '3479.5700', '1516.9900', 'PKR', FALSE, '2025-10-15T17:01:50.713781+00:00'),
  ('4c91ed31-119f-4031-b303-3c6c4b9cac64', '25ff57f5-1ebb-4ed1-b47f-8732bd99694a', '17949.6700', '3506.0300', 'PKR', FALSE, '2025-08-15T23:28:50.714034+00:00'),
  ('da01f829-2af1-4958-bb48-774f20c28750', 'ea90d380-53f1-4dd3-9543-fa30b45df102', '279869.2200', '82170.1000', 'PKR', FALSE, '2025-06-16T20:23:50.714277+00:00'),
  ('fb2dfc7c-7f57-4af9-b2a4-f4b150f23b84', 'a425f6e8-8420-44f8-9e21-3f65520cd42d', '226384.5600', '130124.6800', 'PKR', FALSE, '2026-03-14T00:12:50.714516+00:00'),
  ('fe830d8d-e849-472a-b7f3-794ad1a89b26', 'cb9551b6-2d8e-4e7f-a0b7-901fe47d0e80', '223419.6800', '20075.6500', 'PKR', FALSE, '2026-05-03T18:20:50.714801+00:00'),
  ('1edad612-5682-4b87-8bc5-dba1d69e7fe1', 'e6012de9-d583-4b01-a7a8-b1da27138cfd', '76153.5400', '26343.1300', 'PKR', TRUE, '2025-10-13T22:00:50.715053+00:00'),
  ('5ebc0829-3fb1-4567-9690-4ad2a7eed52e', '2772ca7d-0d78-41b2-9f7d-cfc91b122400', '230099.3900', '5846.7100', 'PKR', FALSE, '2025-06-28T20:46:50.715290+00:00')
ON CONFLICT DO NOTHING;

-- ── kyc_documents (───────────────────────────────)
INSERT INTO kyc_documents (id, user_id, document_type, file_s3_key, status, reviewed_by) VALUES
  ('5485a306-39af-4014-b78f-3d365e7d6cd7', '7049d436-fdcb-44ed-ae4c-06fda4f6a168', 'CNIC_FRONT', 'kyc/7049d436-fdcb-44ed-ae4c-06fda4f6a168/cnic_front_4c1c5189.jpg', 'EXPIRED', NULL),
  ('b882238b-1beb-45a1-93e7-6811eaf8652f', '7049d436-fdcb-44ed-ae4c-06fda4f6a168', 'CNIC_BACK', 'kyc/7049d436-fdcb-44ed-ae4c-06fda4f6a168/cnic_back_d782a017.jpg', 'APPROVED', 'd0aa026e-2ed1-4446-a2f0-3549923cb767'),
  ('22c994a3-bb19-41d2-8052-df8c159a8713', '7049d436-fdcb-44ed-ae4c-06fda4f6a168', 'SELFIE', 'kyc/7049d436-fdcb-44ed-ae4c-06fda4f6a168/selfie_e2bddebb.jpg', 'APPROVED', '73e93709-8483-41ce-b789-42c9766255f3'),
  ('3bff3692-867f-4be5-b08b-e067c353a30b', '7049d436-fdcb-44ed-ae4c-06fda4f6a168', 'PROOF_OF_ADDRESS', 'kyc/7049d436-fdcb-44ed-ae4c-06fda4f6a168/proof_of_address_1ea0605f.jpg', 'APPROVED', '73e93709-8483-41ce-b789-42c9766255f3'),
  ('f50132a9-7cee-4b6a-9751-0800be5a9f96', 'a76e8f1a-1b5a-406d-9242-6292c3e1af56', 'SELFIE', 'kyc/a76e8f1a-1b5a-406d-9242-6292c3e1af56/selfie_9ddec030.jpg', 'APPROVED', '73e93709-8483-41ce-b789-42c9766255f3'),
  ('2bf6818a-b9b5-4201-9340-34f7db07fc85', '30e4ba01-2eb5-4df4-b3a0-04069742e7e9', 'CNIC_FRONT', 'kyc/30e4ba01-2eb5-4df4-b3a0-04069742e7e9/cnic_front_71fff480.jpg', 'APPROVED', 'd0aa026e-2ed1-4446-a2f0-3549923cb767'),
  ('f1ff62a4-3012-4838-8138-1aa32853f2d7', '30e4ba01-2eb5-4df4-b3a0-04069742e7e9', 'CNIC_BACK', 'kyc/30e4ba01-2eb5-4df4-b3a0-04069742e7e9/cnic_back_44ae3442.jpg', 'APPROVED', 'd0aa026e-2ed1-4446-a2f0-3549923cb767'),
  ('ddf803a3-67a3-4a25-9909-ea20c1881a83', '30e4ba01-2eb5-4df4-b3a0-04069742e7e9', 'SELFIE', 'kyc/30e4ba01-2eb5-4df4-b3a0-04069742e7e9/selfie_63af002d.jpg', 'UNDER_REVIEW', NULL),
  ('e2153510-8eab-4b7f-9988-315085055fcf', '74ce123b-204a-474f-bffc-8ea53f885eb6', 'CNIC_FRONT', 'kyc/74ce123b-204a-474f-bffc-8ea53f885eb6/cnic_front_518355ad.jpg', 'EXPIRED', NULL),
  ('90f28c90-042f-43b5-830c-cb8277ffc365', '74ce123b-204a-474f-bffc-8ea53f885eb6', 'CNIC_BACK', 'kyc/74ce123b-204a-474f-bffc-8ea53f885eb6/cnic_back_f935f14f.jpg', 'APPROVED', '51fcb34c-6405-4024-975d-24ff149c2a9c'),
  ('b1b7a4a2-8d5f-4f18-b6a4-60317865e8d2', '74ce123b-204a-474f-bffc-8ea53f885eb6', 'SELFIE', 'kyc/74ce123b-204a-474f-bffc-8ea53f885eb6/selfie_9954f1e0.jpg', 'APPROVED', '900a5547-efc8-4263-be74-bbe03405259e'),
  ('fd4d083b-2194-48af-af99-0309b8186e1b', 'd0aa026e-2ed1-4446-a2f0-3549923cb767', 'CNIC_FRONT', 'kyc/d0aa026e-2ed1-4446-a2f0-3549923cb767/cnic_front_4e0a0f15.jpg', 'REJECTED', '73e93709-8483-41ce-b789-42c9766255f3'),
  ('a9f67891-a4a5-4180-8497-0300454ac143', 'd0aa026e-2ed1-4446-a2f0-3549923cb767', 'CNIC_BACK', 'kyc/d0aa026e-2ed1-4446-a2f0-3549923cb767/cnic_back_d784596a.jpg', 'APPROVED', '73e93709-8483-41ce-b789-42c9766255f3'),
  ('3888e155-4faf-4d14-aae4-ecbdbfe32921', 'd0aa026e-2ed1-4446-a2f0-3549923cb767', 'SELFIE', 'kyc/d0aa026e-2ed1-4446-a2f0-3549923cb767/selfie_13e259d7.jpg', 'APPROVED', '900a5547-efc8-4263-be74-bbe03405259e'),
  ('96d3c540-7efc-40c7-a07d-facd9feac7ee', 'd0aa026e-2ed1-4446-a2f0-3549923cb767', 'PROOF_OF_ADDRESS', 'kyc/d0aa026e-2ed1-4446-a2f0-3549923cb767/proof_of_address_d371af9f.jpg', 'APPROVED', '73e93709-8483-41ce-b789-42c9766255f3'),
  ('2021baf3-591c-4e57-9020-a06e13eada25', '2018990f-2b56-4b13-af0a-d8377a2e6e04', 'CNIC_FRONT', 'kyc/2018990f-2b56-4b13-af0a-d8377a2e6e04/cnic_front_0ea6e7a9.jpg', 'APPROVED', '900a5547-efc8-4263-be74-bbe03405259e'),
  ('7a3e5d41-19da-47a2-b1e1-ee5bfd2b145c', '2018990f-2b56-4b13-af0a-d8377a2e6e04', 'CNIC_BACK', 'kyc/2018990f-2b56-4b13-af0a-d8377a2e6e04/cnic_back_0406d147.jpg', 'APPROVED', 'd0aa026e-2ed1-4446-a2f0-3549923cb767'),
  ('38097ecf-9239-4ff7-b9e1-89a50f9c5f07', '2018990f-2b56-4b13-af0a-d8377a2e6e04', 'SELFIE', 'kyc/2018990f-2b56-4b13-af0a-d8377a2e6e04/selfie_3a6483ea.jpg', 'APPROVED', '73e93709-8483-41ce-b789-42c9766255f3'),
  ('cca3f7f1-f6a1-490d-8452-128bc72c6d35', '2018990f-2b56-4b13-af0a-d8377a2e6e04', 'PROOF_OF_ADDRESS', 'kyc/2018990f-2b56-4b13-af0a-d8377a2e6e04/proof_of_address_8a2f1223.jpg', 'APPROVED', 'd0aa026e-2ed1-4446-a2f0-3549923cb767'),
  ('003a0e05-158d-4472-b7cb-0a6c73c31976', '8eadcf69-7f80-40fd-a595-8eee0899c906', 'CNIC_FRONT', 'kyc/8eadcf69-7f80-40fd-a595-8eee0899c906/cnic_front_0f0a5402.jpg', 'APPROVED', 'd0aa026e-2ed1-4446-a2f0-3549923cb767'),
  ('0281ff68-38eb-454f-b4ca-b1fb41278a18', '8eadcf69-7f80-40fd-a595-8eee0899c906', 'CNIC_BACK', 'kyc/8eadcf69-7f80-40fd-a595-8eee0899c906/cnic_back_51ca0238.jpg', 'EXPIRED', NULL),
  ('4022faf8-3801-4710-937b-a6c2aabf280b', '8eadcf69-7f80-40fd-a595-8eee0899c906', 'SELFIE', 'kyc/8eadcf69-7f80-40fd-a595-8eee0899c906/selfie_962c4d31.jpg', 'APPROVED', '73e93709-8483-41ce-b789-42c9766255f3'),
  ('ac8a1b31-7a33-49af-b952-2f6c397e9231', '8eadcf69-7f80-40fd-a595-8eee0899c906', 'PROOF_OF_ADDRESS', 'kyc/8eadcf69-7f80-40fd-a595-8eee0899c906/proof_of_address_814acd1b.jpg', 'APPROVED', 'd0aa026e-2ed1-4446-a2f0-3549923cb767'),
  ('d73544c5-7218-420e-93e3-2a0f0d307dc5', 'd30aad51-da33-440b-b774-df93c4a7364c', 'CNIC_FRONT', 'kyc/d30aad51-da33-440b-b774-df93c4a7364c/cnic_front_f78c4b99.jpg', 'UNDER_REVIEW', NULL),
  ('bcefef37-78bd-4cae-8091-588cd5365452', 'd30aad51-da33-440b-b774-df93c4a7364c', 'CNIC_BACK', 'kyc/d30aad51-da33-440b-b774-df93c4a7364c/cnic_back_6a23235b.jpg', 'APPROVED', 'a7500a4b-0888-4b4c-8dd7-9a285954d237'),
  ('0497f020-0e17-4aed-a844-b360075ae589', 'd30aad51-da33-440b-b774-df93c4a7364c', 'SELFIE', 'kyc/d30aad51-da33-440b-b774-df93c4a7364c/selfie_03ebc94a.jpg', 'APPROVED', '73e93709-8483-41ce-b789-42c9766255f3'),
  ('ed4690f6-28b6-4852-bc3e-1c2436f338c3', '58ad4cd5-b2da-44c4-baaa-c0f44c3d570a', 'SELFIE', 'kyc/58ad4cd5-b2da-44c4-baaa-c0f44c3d570a/selfie_b9c9404b.jpg', 'EXPIRED', NULL),
  ('a2afaf3c-26d6-467d-877f-719dcdccd879', '9aadaf6b-8894-426a-8531-3fdbaaeb5fd0', 'CNIC_FRONT', 'kyc/9aadaf6b-8894-426a-8531-3fdbaaeb5fd0/cnic_front_df9ed125.jpg', 'REJECTED', '73e93709-8483-41ce-b789-42c9766255f3'),
  ('241088fe-b43e-49c7-87f1-c71fa9e922d4', '9aadaf6b-8894-426a-8531-3fdbaaeb5fd0', 'CNIC_BACK', 'kyc/9aadaf6b-8894-426a-8531-3fdbaaeb5fd0/cnic_back_b1678db9.jpg', 'APPROVED', 'a7500a4b-0888-4b4c-8dd7-9a285954d237'),
  ('10c0013d-b9b7-4671-b9bb-afdb300adfe9', '9aadaf6b-8894-426a-8531-3fdbaaeb5fd0', 'SELFIE', 'kyc/9aadaf6b-8894-426a-8531-3fdbaaeb5fd0/selfie_855002ed.jpg', 'APPROVED', '73e93709-8483-41ce-b789-42c9766255f3'),
  ('b1cc95e9-7d51-4176-891b-70ae10284151', '9aadaf6b-8894-426a-8531-3fdbaaeb5fd0', 'PROOF_OF_ADDRESS', 'kyc/9aadaf6b-8894-426a-8531-3fdbaaeb5fd0/proof_of_address_7c0da544.jpg', 'REJECTED', 'a7500a4b-0888-4b4c-8dd7-9a285954d237'),
  ('007f9911-4fbc-4690-8dd6-3054d53b38aa', '18613aee-03ee-4059-a67a-45dd3d32d28a', 'CNIC_FRONT', 'kyc/18613aee-03ee-4059-a67a-45dd3d32d28a/cnic_front_46e5b40d.jpg', 'PENDING', NULL),
  ('24664fad-b886-4f3a-bd40-96d402be3b0a', '18613aee-03ee-4059-a67a-45dd3d32d28a', 'CNIC_BACK', 'kyc/18613aee-03ee-4059-a67a-45dd3d32d28a/cnic_back_94c197ab.jpg', 'APPROVED', 'd0aa026e-2ed1-4446-a2f0-3549923cb767'),
  ('c3ac7f97-077a-4140-b157-16aeb5c52c25', '18613aee-03ee-4059-a67a-45dd3d32d28a', 'SELFIE', 'kyc/18613aee-03ee-4059-a67a-45dd3d32d28a/selfie_e4c590b7.jpg', 'APPROVED', '51fcb34c-6405-4024-975d-24ff149c2a9c'),
  ('d9b75c73-4358-4188-a1da-99d438764083', '70e83877-9476-47e6-8eb5-1b148b5f6748', 'CNIC_FRONT', 'kyc/70e83877-9476-47e6-8eb5-1b148b5f6748/cnic_front_d44e1249.jpg', 'UNDER_REVIEW', NULL),
  ('1fe80726-97cd-4e51-a787-21addab8a7cb', '70e83877-9476-47e6-8eb5-1b148b5f6748', 'CNIC_BACK', 'kyc/70e83877-9476-47e6-8eb5-1b148b5f6748/cnic_back_bb58438c.jpg', 'APPROVED', '73e93709-8483-41ce-b789-42c9766255f3'),
  ('68a6b054-f5c4-4f82-8253-0d4948640152', '70e83877-9476-47e6-8eb5-1b148b5f6748', 'SELFIE', 'kyc/70e83877-9476-47e6-8eb5-1b148b5f6748/selfie_ad9858d0.jpg', 'EXPIRED', NULL),
  ('acbcca86-cbf3-474f-9b36-cd93501854a0', '70e83877-9476-47e6-8eb5-1b148b5f6748', 'PROOF_OF_ADDRESS', 'kyc/70e83877-9476-47e6-8eb5-1b148b5f6748/proof_of_address_bb3e7136.jpg', 'REJECTED', 'd0aa026e-2ed1-4446-a2f0-3549923cb767'),
  ('d7df0eab-35dc-4e57-a2b1-b1d8e7428e30', '51fcb34c-6405-4024-975d-24ff149c2a9c', 'CNIC_FRONT', 'kyc/51fcb34c-6405-4024-975d-24ff149c2a9c/cnic_front_47b925a8.jpg', 'REJECTED', 'a7500a4b-0888-4b4c-8dd7-9a285954d237'),
  ('d77dd1e6-dbc2-4f21-b4f0-f6c9310ff6a6', '51fcb34c-6405-4024-975d-24ff149c2a9c', 'CNIC_BACK', 'kyc/51fcb34c-6405-4024-975d-24ff149c2a9c/cnic_back_b77f6abb.jpg', 'APPROVED', 'a7500a4b-0888-4b4c-8dd7-9a285954d237'),
  ('c49d476a-4c67-4e8e-b560-96dab8a86b12', '51fcb34c-6405-4024-975d-24ff149c2a9c', 'SELFIE', 'kyc/51fcb34c-6405-4024-975d-24ff149c2a9c/selfie_0733f601.jpg', 'APPROVED', 'd0aa026e-2ed1-4446-a2f0-3549923cb767'),
  ('8c59a766-59cd-43a3-9612-40fd92b1a24b', '51fcb34c-6405-4024-975d-24ff149c2a9c', 'PROOF_OF_ADDRESS', 'kyc/51fcb34c-6405-4024-975d-24ff149c2a9c/proof_of_address_cbbb91b4.jpg', 'REJECTED', '73e93709-8483-41ce-b789-42c9766255f3'),
  ('f2aa738f-de75-45fe-89a3-1debf856d2ff', 'c31cb78f-e21f-4a84-957e-67958fdf321a', 'CNIC_FRONT', 'kyc/c31cb78f-e21f-4a84-957e-67958fdf321a/cnic_front_de0dce19.jpg', 'APPROVED', '73e93709-8483-41ce-b789-42c9766255f3'),
  ('4369295b-a0c1-48b2-afe0-036fa5031f4f', 'c31cb78f-e21f-4a84-957e-67958fdf321a', 'CNIC_BACK', 'kyc/c31cb78f-e21f-4a84-957e-67958fdf321a/cnic_back_92ccaa4a.jpg', 'APPROVED', '51fcb34c-6405-4024-975d-24ff149c2a9c'),
  ('d072106d-d5b8-4d46-ab11-86c395ab930b', 'c31cb78f-e21f-4a84-957e-67958fdf321a', 'SELFIE', 'kyc/c31cb78f-e21f-4a84-957e-67958fdf321a/selfie_6ffaf6c3.jpg', 'UNDER_REVIEW', NULL),
  ('7b3b10f9-989e-42d0-a050-8fba541c52d3', '2b905960-78c7-42fe-8403-4bdf8b0eec2b', 'CNIC_FRONT', 'kyc/2b905960-78c7-42fe-8403-4bdf8b0eec2b/cnic_front_d62fb5b4.jpg', 'APPROVED', 'd0aa026e-2ed1-4446-a2f0-3549923cb767'),
  ('89174054-22e9-4774-9410-3f7afdb3dd17', '2b905960-78c7-42fe-8403-4bdf8b0eec2b', 'CNIC_BACK', 'kyc/2b905960-78c7-42fe-8403-4bdf8b0eec2b/cnic_back_44e526c3.jpg', 'APPROVED', '51fcb34c-6405-4024-975d-24ff149c2a9c'),
  ('d2856497-d413-47d1-a470-bd1bb9057617', '2b905960-78c7-42fe-8403-4bdf8b0eec2b', 'SELFIE', 'kyc/2b905960-78c7-42fe-8403-4bdf8b0eec2b/selfie_5f400874.jpg', 'PENDING', NULL),
  ('b38b7914-200d-4449-80f4-3e163ed6afce', '40436112-77eb-4017-9eca-31e686fc0064', 'CNIC_FRONT', 'kyc/40436112-77eb-4017-9eca-31e686fc0064/cnic_front_939a045d.jpg', 'EXPIRED', NULL),
  ('f547db36-70ca-4d5a-b7ed-59147170e5a5', '40436112-77eb-4017-9eca-31e686fc0064', 'CNIC_BACK', 'kyc/40436112-77eb-4017-9eca-31e686fc0064/cnic_back_fd426041.jpg', 'APPROVED', 'd0aa026e-2ed1-4446-a2f0-3549923cb767')
ON CONFLICT DO NOTHING;
INSERT INTO kyc_documents (id, user_id, document_type, file_s3_key, status, reviewed_by) VALUES
  ('7344dd00-8f0e-4eb4-9183-e2b45326f107', '40436112-77eb-4017-9eca-31e686fc0064', 'SELFIE', 'kyc/40436112-77eb-4017-9eca-31e686fc0064/selfie_208d210c.jpg', 'UNDER_REVIEW', NULL),
  ('098d3291-5cc7-4112-8644-9d5c8b2a1ed0', 'b70759ac-fb5d-4261-8d71-37b125921ab5', 'CNIC_FRONT', 'kyc/b70759ac-fb5d-4261-8d71-37b125921ab5/cnic_front_13c4ef1d.jpg', 'APPROVED', 'a7500a4b-0888-4b4c-8dd7-9a285954d237'),
  ('54a4b49f-0dcb-48ca-956d-7c2898e01632', 'b70759ac-fb5d-4261-8d71-37b125921ab5', 'CNIC_BACK', 'kyc/b70759ac-fb5d-4261-8d71-37b125921ab5/cnic_back_9d7a9392.jpg', 'APPROVED', '73e93709-8483-41ce-b789-42c9766255f3'),
  ('aac819ce-0d8d-4bc1-9e38-79c9e2323d16', 'b70759ac-fb5d-4261-8d71-37b125921ab5', 'SELFIE', 'kyc/b70759ac-fb5d-4261-8d71-37b125921ab5/selfie_0d7041a4.jpg', 'REJECTED', 'd0aa026e-2ed1-4446-a2f0-3549923cb767'),
  ('0560f6fd-a333-4280-a47e-42b37e790aaa', 'b70759ac-fb5d-4261-8d71-37b125921ab5', 'PROOF_OF_ADDRESS', 'kyc/b70759ac-fb5d-4261-8d71-37b125921ab5/proof_of_address_2d592172.jpg', 'APPROVED', '900a5547-efc8-4263-be74-bbe03405259e'),
  ('3fc2410a-db98-4de6-b7d6-38b24af65b55', '0788edfd-2885-4f10-b0ac-2c0041f72a1a', 'CNIC_FRONT', 'kyc/0788edfd-2885-4f10-b0ac-2c0041f72a1a/cnic_front_b1f58c7c.jpg', 'REJECTED', 'a7500a4b-0888-4b4c-8dd7-9a285954d237'),
  ('09d350d9-54c0-4dc5-9df7-19b12e0b048e', '0788edfd-2885-4f10-b0ac-2c0041f72a1a', 'CNIC_BACK', 'kyc/0788edfd-2885-4f10-b0ac-2c0041f72a1a/cnic_back_3b539c1a.jpg', 'UNDER_REVIEW', NULL),
  ('80365035-0a14-4892-bf2c-efa0215647c1', '0788edfd-2885-4f10-b0ac-2c0041f72a1a', 'SELFIE', 'kyc/0788edfd-2885-4f10-b0ac-2c0041f72a1a/selfie_a94fdead.jpg', 'APPROVED', 'd0aa026e-2ed1-4446-a2f0-3549923cb767'),
  ('99ea4e88-0566-4aa9-b6a4-cff43134e6c9', '0788edfd-2885-4f10-b0ac-2c0041f72a1a', 'PROOF_OF_ADDRESS', 'kyc/0788edfd-2885-4f10-b0ac-2c0041f72a1a/proof_of_address_5faeb5a8.jpg', 'APPROVED', '51fcb34c-6405-4024-975d-24ff149c2a9c'),
  ('fca4e032-acb8-4ef7-9f64-e2bc215d1809', '2bcafc3f-322a-46de-a2f4-e310a5695fb7', 'CNIC_FRONT', 'kyc/2bcafc3f-322a-46de-a2f4-e310a5695fb7/cnic_front_93a2566f.jpg', 'APPROVED', '900a5547-efc8-4263-be74-bbe03405259e'),
  ('54ebbad8-6eb4-476c-88c3-3f58387fc4ba', '2bcafc3f-322a-46de-a2f4-e310a5695fb7', 'CNIC_BACK', 'kyc/2bcafc3f-322a-46de-a2f4-e310a5695fb7/cnic_back_38e6c3d5.jpg', 'APPROVED', 'a7500a4b-0888-4b4c-8dd7-9a285954d237'),
  ('782ad138-4a9d-419e-9d07-0baebbe5d37e', '2bcafc3f-322a-46de-a2f4-e310a5695fb7', 'SELFIE', 'kyc/2bcafc3f-322a-46de-a2f4-e310a5695fb7/selfie_3db82e5e.jpg', 'REJECTED', '51fcb34c-6405-4024-975d-24ff149c2a9c'),
  ('fff74ab2-ef4d-4c42-a6a9-19124c0a06c3', '2bcafc3f-322a-46de-a2f4-e310a5695fb7', 'PROOF_OF_ADDRESS', 'kyc/2bcafc3f-322a-46de-a2f4-e310a5695fb7/proof_of_address_a73bed8f.jpg', 'APPROVED', '900a5547-efc8-4263-be74-bbe03405259e'),
  ('e3687ced-6118-4401-9914-3c8db348171a', '4eee5935-6908-4cc9-a46c-736e719f927f', 'CNIC_FRONT', 'kyc/4eee5935-6908-4cc9-a46c-736e719f927f/cnic_front_a546dfe5.jpg', 'APPROVED', '900a5547-efc8-4263-be74-bbe03405259e'),
  ('361c1ecf-0785-4969-bd56-fbcc2191354e', '4eee5935-6908-4cc9-a46c-736e719f927f', 'CNIC_BACK', 'kyc/4eee5935-6908-4cc9-a46c-736e719f927f/cnic_back_0d0af494.jpg', 'APPROVED', '51fcb34c-6405-4024-975d-24ff149c2a9c'),
  ('bd2dc7e5-fe08-4b73-8263-2d911a876af4', '4eee5935-6908-4cc9-a46c-736e719f927f', 'SELFIE', 'kyc/4eee5935-6908-4cc9-a46c-736e719f927f/selfie_8f6bf590.jpg', 'APPROVED', '51fcb34c-6405-4024-975d-24ff149c2a9c'),
  ('368fc92c-e439-4631-9b2e-5cc6e87f08ae', '42c52773-f8ae-4373-af38-827b571ace67', 'CNIC_FRONT', 'kyc/42c52773-f8ae-4373-af38-827b571ace67/cnic_front_74653c76.jpg', 'REJECTED', '73e93709-8483-41ce-b789-42c9766255f3'),
  ('7750f2a4-162e-4848-b25d-26c4e227ef30', '42c52773-f8ae-4373-af38-827b571ace67', 'CNIC_BACK', 'kyc/42c52773-f8ae-4373-af38-827b571ace67/cnic_back_be42f65e.jpg', 'APPROVED', '51fcb34c-6405-4024-975d-24ff149c2a9c'),
  ('f177b2e5-236e-416e-bcee-2877c44a4f48', '42c52773-f8ae-4373-af38-827b571ace67', 'SELFIE', 'kyc/42c52773-f8ae-4373-af38-827b571ace67/selfie_50a843fd.jpg', 'REJECTED', '900a5547-efc8-4263-be74-bbe03405259e'),
  ('7ae007ec-5474-4b5d-8aeb-344b66712e35', 'eab4ea83-34dc-4c84-a504-6d26a70672bd', 'SELFIE', 'kyc/eab4ea83-34dc-4c84-a504-6d26a70672bd/selfie_349b98fa.jpg', 'APPROVED', '51fcb34c-6405-4024-975d-24ff149c2a9c'),
  ('c573d299-d969-4226-af4c-f13c311b14ff', 'ef477e12-bd32-4a32-902b-268326241525', 'CNIC_FRONT', 'kyc/ef477e12-bd32-4a32-902b-268326241525/cnic_front_62e699d1.jpg', 'UNDER_REVIEW', NULL),
  ('6d986fb8-f3f1-4599-a880-8455e97be2b0', 'ef477e12-bd32-4a32-902b-268326241525', 'CNIC_BACK', 'kyc/ef477e12-bd32-4a32-902b-268326241525/cnic_back_760e35a0.jpg', 'APPROVED', 'd0aa026e-2ed1-4446-a2f0-3549923cb767'),
  ('2d351e1a-55ee-42ea-93fc-ac3165654091', 'ef477e12-bd32-4a32-902b-268326241525', 'SELFIE', 'kyc/ef477e12-bd32-4a32-902b-268326241525/selfie_9e298582.jpg', 'UNDER_REVIEW', NULL),
  ('ef31b3d8-c3bb-4f28-9ae4-88d5ef0a2d1c', '6872ee47-6643-4718-b09f-4476d930b48c', 'CNIC_FRONT', 'kyc/6872ee47-6643-4718-b09f-4476d930b48c/cnic_front_ba076b01.jpg', 'EXPIRED', NULL),
  ('afdc92d4-f20b-4211-bd24-27a8ab1d20df', '6872ee47-6643-4718-b09f-4476d930b48c', 'CNIC_BACK', 'kyc/6872ee47-6643-4718-b09f-4476d930b48c/cnic_back_9c0b3f74.jpg', 'APPROVED', '900a5547-efc8-4263-be74-bbe03405259e'),
  ('7ca5bf08-9072-40e7-ba17-01c00e20fa7c', '6872ee47-6643-4718-b09f-4476d930b48c', 'SELFIE', 'kyc/6872ee47-6643-4718-b09f-4476d930b48c/selfie_45532b30.jpg', 'PENDING', NULL),
  ('d4c5bd31-c9c2-41cb-b86c-4c005dac3bf9', '8ab19e94-bdbd-4a2e-a50f-3855a8a6ed5b', 'SELFIE', 'kyc/8ab19e94-bdbd-4a2e-a50f-3855a8a6ed5b/selfie_d3918c6c.jpg', 'UNDER_REVIEW', NULL),
  ('0951ff23-9e5d-4e78-b289-075a2199e34f', '39f4db77-1552-4c4b-8e3c-7add3e63dbc7', 'SELFIE', 'kyc/39f4db77-1552-4c4b-8e3c-7add3e63dbc7/selfie_c5cfb3d6.jpg', 'PENDING', NULL),
  ('c393e55c-b6f8-4c8a-a7b9-6b03e24d6db5', '2bc1f037-5253-4bd8-80d1-d18a59fc3600', 'CNIC_FRONT', 'kyc/2bc1f037-5253-4bd8-80d1-d18a59fc3600/cnic_front_29f9c410.jpg', 'UNDER_REVIEW', NULL),
  ('8cc7f93e-b698-4ecd-9d56-5d18073a59f8', '2bc1f037-5253-4bd8-80d1-d18a59fc3600', 'CNIC_BACK', 'kyc/2bc1f037-5253-4bd8-80d1-d18a59fc3600/cnic_back_5f2c3caf.jpg', 'PENDING', NULL),
  ('bfc31099-9e56-4667-b5f5-0cf838db2ce1', '2bc1f037-5253-4bd8-80d1-d18a59fc3600', 'SELFIE', 'kyc/2bc1f037-5253-4bd8-80d1-d18a59fc3600/selfie_b14e49d5.jpg', 'PENDING', NULL),
  ('777e420a-4903-4748-bd02-1be2126a2d13', '35ae4089-fd3d-4432-bd46-24076ced8fcb', 'SELFIE', 'kyc/35ae4089-fd3d-4432-bd46-24076ced8fcb/selfie_58d8b11e.jpg', 'APPROVED', '73e93709-8483-41ce-b789-42c9766255f3'),
  ('dd80e1b9-211f-4620-90c2-eea355fae36e', '1ee784f9-10a9-4852-ae81-fbca3d91120a', 'CNIC_FRONT', 'kyc/1ee784f9-10a9-4852-ae81-fbca3d91120a/cnic_front_6a75c891.jpg', 'APPROVED', '73e93709-8483-41ce-b789-42c9766255f3'),
  ('8724556c-42fd-4d99-b7dd-5e59b13c8160', '1ee784f9-10a9-4852-ae81-fbca3d91120a', 'CNIC_BACK', 'kyc/1ee784f9-10a9-4852-ae81-fbca3d91120a/cnic_back_32adc87c.jpg', 'APPROVED', '51fcb34c-6405-4024-975d-24ff149c2a9c'),
  ('33401167-9af2-40d4-9426-124aa9c1034f', '1ee784f9-10a9-4852-ae81-fbca3d91120a', 'SELFIE', 'kyc/1ee784f9-10a9-4852-ae81-fbca3d91120a/selfie_0515ffc8.jpg', 'APPROVED', 'a7500a4b-0888-4b4c-8dd7-9a285954d237'),
  ('aeee87c8-2ad2-47e0-86c4-121e2320d8b6', '62f239dc-ae35-4e77-a6dd-2c1f9419018f', 'CNIC_FRONT', 'kyc/62f239dc-ae35-4e77-a6dd-2c1f9419018f/cnic_front_a3cdc1b1.jpg', 'PENDING', NULL),
  ('d259e5ae-4bb6-4941-82e5-868b3b38fba8', '62f239dc-ae35-4e77-a6dd-2c1f9419018f', 'CNIC_BACK', 'kyc/62f239dc-ae35-4e77-a6dd-2c1f9419018f/cnic_back_b3725ed5.jpg', 'UNDER_REVIEW', NULL),
  ('8feb321e-c3a0-4560-b3bf-8106aab872c4', '62f239dc-ae35-4e77-a6dd-2c1f9419018f', 'SELFIE', 'kyc/62f239dc-ae35-4e77-a6dd-2c1f9419018f/selfie_b1349606.jpg', 'APPROVED', '900a5547-efc8-4263-be74-bbe03405259e'),
  ('4bcd8155-34fb-4419-b614-35f1a73e507e', '62f239dc-ae35-4e77-a6dd-2c1f9419018f', 'PROOF_OF_ADDRESS', 'kyc/62f239dc-ae35-4e77-a6dd-2c1f9419018f/proof_of_address_b4ab7485.jpg', 'APPROVED', 'd0aa026e-2ed1-4446-a2f0-3549923cb767'),
  ('8ae4ad6c-f08c-4fdd-b620-aebf0fa3e414', '73e93709-8483-41ce-b789-42c9766255f3', 'CNIC_FRONT', 'kyc/73e93709-8483-41ce-b789-42c9766255f3/cnic_front_b1929ed6.jpg', 'APPROVED', '73e93709-8483-41ce-b789-42c9766255f3'),
  ('f13a47d0-032e-4d15-ac15-49fa3554711f', '73e93709-8483-41ce-b789-42c9766255f3', 'CNIC_BACK', 'kyc/73e93709-8483-41ce-b789-42c9766255f3/cnic_back_c028d8e4.jpg', 'APPROVED', '73e93709-8483-41ce-b789-42c9766255f3'),
  ('7bbdd480-5a30-499b-b3cd-ff59e73f1860', '73e93709-8483-41ce-b789-42c9766255f3', 'SELFIE', 'kyc/73e93709-8483-41ce-b789-42c9766255f3/selfie_6851fcd1.jpg', 'APPROVED', '51fcb34c-6405-4024-975d-24ff149c2a9c'),
  ('d1f302c7-5dd6-4704-a945-275bd6323117', '73e93709-8483-41ce-b789-42c9766255f3', 'PROOF_OF_ADDRESS', 'kyc/73e93709-8483-41ce-b789-42c9766255f3/proof_of_address_ae75e4eb.jpg', 'APPROVED', 'd0aa026e-2ed1-4446-a2f0-3549923cb767'),
  ('e736edb7-ec9d-482e-8063-fde9e42c6f3f', '323703bf-9386-4840-a317-6d4044b083b0', 'CNIC_FRONT', 'kyc/323703bf-9386-4840-a317-6d4044b083b0/cnic_front_0f224a10.jpg', 'APPROVED', '73e93709-8483-41ce-b789-42c9766255f3'),
  ('5bdfa829-0d5a-4a9c-84fa-0290a01f9cdd', '323703bf-9386-4840-a317-6d4044b083b0', 'CNIC_BACK', 'kyc/323703bf-9386-4840-a317-6d4044b083b0/cnic_back_35b09281.jpg', 'APPROVED', '51fcb34c-6405-4024-975d-24ff149c2a9c'),
  ('8a25304f-26f5-46c3-b09d-c3c8a4b67dcc', '323703bf-9386-4840-a317-6d4044b083b0', 'SELFIE', 'kyc/323703bf-9386-4840-a317-6d4044b083b0/selfie_d1e284bf.jpg', 'APPROVED', 'd0aa026e-2ed1-4446-a2f0-3549923cb767'),
  ('9cdee338-d49d-42ae-b842-e0eb662c07ef', '323703bf-9386-4840-a317-6d4044b083b0', 'PROOF_OF_ADDRESS', 'kyc/323703bf-9386-4840-a317-6d4044b083b0/proof_of_address_86ad7841.jpg', 'APPROVED', 'a7500a4b-0888-4b4c-8dd7-9a285954d237'),
  ('9916c1a6-e0a7-46e3-a14e-1ea51ba55a29', '377b55cc-3718-4320-a8f7-945d6f993626', 'CNIC_FRONT', 'kyc/377b55cc-3718-4320-a8f7-945d6f993626/cnic_front_99c72d34.jpg', 'APPROVED', '51fcb34c-6405-4024-975d-24ff149c2a9c'),
  ('e0b8e051-6de8-4fd7-a4b0-b8b7f999e7b9', '377b55cc-3718-4320-a8f7-945d6f993626', 'CNIC_BACK', 'kyc/377b55cc-3718-4320-a8f7-945d6f993626/cnic_back_6b8c656b.jpg', 'UNDER_REVIEW', NULL),
  ('5035da72-592c-4000-a486-d9d4047426f7', '377b55cc-3718-4320-a8f7-945d6f993626', 'SELFIE', 'kyc/377b55cc-3718-4320-a8f7-945d6f993626/selfie_32909156.jpg', 'UNDER_REVIEW', NULL)
ON CONFLICT DO NOTHING;
INSERT INTO kyc_documents (id, user_id, document_type, file_s3_key, status, reviewed_by) VALUES
  ('a30ed55b-3e0d-4d9f-885b-3955e206b261', '377b55cc-3718-4320-a8f7-945d6f993626', 'PROOF_OF_ADDRESS', 'kyc/377b55cc-3718-4320-a8f7-945d6f993626/proof_of_address_aa6eb1cb.jpg', 'APPROVED', '51fcb34c-6405-4024-975d-24ff149c2a9c'),
  ('2de76b68-94b3-4c32-81ea-ff60ed23b4f2', 'cd861fd9-0552-442e-9cf9-c30c3941a57f', 'CNIC_FRONT', 'kyc/cd861fd9-0552-442e-9cf9-c30c3941a57f/cnic_front_b37563bf.jpg', 'APPROVED', '51fcb34c-6405-4024-975d-24ff149c2a9c'),
  ('415f9054-b4ff-462f-878c-5360dcd9b314', 'cd861fd9-0552-442e-9cf9-c30c3941a57f', 'CNIC_BACK', 'kyc/cd861fd9-0552-442e-9cf9-c30c3941a57f/cnic_back_5d09ec87.jpg', 'APPROVED', 'd0aa026e-2ed1-4446-a2f0-3549923cb767'),
  ('28f3aec8-72c9-49f3-b031-97fea49b8dad', 'cd861fd9-0552-442e-9cf9-c30c3941a57f', 'SELFIE', 'kyc/cd861fd9-0552-442e-9cf9-c30c3941a57f/selfie_959d257d.jpg', 'APPROVED', '73e93709-8483-41ce-b789-42c9766255f3'),
  ('fff33647-d432-4bef-8cfe-93280a0eb125', 'cd861fd9-0552-442e-9cf9-c30c3941a57f', 'PROOF_OF_ADDRESS', 'kyc/cd861fd9-0552-442e-9cf9-c30c3941a57f/proof_of_address_659bfef1.jpg', 'UNDER_REVIEW', NULL),
  ('749fa8b9-0bd1-4733-abcc-fb9139a5588e', '900a5547-efc8-4263-be74-bbe03405259e', 'CNIC_FRONT', 'kyc/900a5547-efc8-4263-be74-bbe03405259e/cnic_front_51b147f3.jpg', 'APPROVED', 'a7500a4b-0888-4b4c-8dd7-9a285954d237'),
  ('804543e3-e32c-4d62-b9e4-c3f06f2f7f7b', '900a5547-efc8-4263-be74-bbe03405259e', 'CNIC_BACK', 'kyc/900a5547-efc8-4263-be74-bbe03405259e/cnic_back_e29c3a4b.jpg', 'APPROVED', 'a7500a4b-0888-4b4c-8dd7-9a285954d237'),
  ('ac72c26e-0a4f-452e-9d6f-65160eb435bd', '900a5547-efc8-4263-be74-bbe03405259e', 'SELFIE', 'kyc/900a5547-efc8-4263-be74-bbe03405259e/selfie_4174cc18.jpg', 'PENDING', NULL),
  ('2911c32e-0619-40dc-8619-bece6fd6db15', '428a2e37-d6b6-4557-87c7-17e8eaa04973', 'CNIC_FRONT', 'kyc/428a2e37-d6b6-4557-87c7-17e8eaa04973/cnic_front_f0ebd246.jpg', 'APPROVED', 'a7500a4b-0888-4b4c-8dd7-9a285954d237'),
  ('1a56704e-42a2-4540-b34d-4392ae0269d6', '428a2e37-d6b6-4557-87c7-17e8eaa04973', 'CNIC_BACK', 'kyc/428a2e37-d6b6-4557-87c7-17e8eaa04973/cnic_back_167ea083.jpg', 'APPROVED', '73e93709-8483-41ce-b789-42c9766255f3'),
  ('4dfccb66-a86c-43e1-b814-4153664a564f', '428a2e37-d6b6-4557-87c7-17e8eaa04973', 'SELFIE', 'kyc/428a2e37-d6b6-4557-87c7-17e8eaa04973/selfie_fafadc86.jpg', 'APPROVED', '73e93709-8483-41ce-b789-42c9766255f3'),
  ('5bff9f67-a05a-4c3d-975b-ee308208bd02', '428a2e37-d6b6-4557-87c7-17e8eaa04973', 'PROOF_OF_ADDRESS', 'kyc/428a2e37-d6b6-4557-87c7-17e8eaa04973/proof_of_address_7322d64c.jpg', 'APPROVED', '51fcb34c-6405-4024-975d-24ff149c2a9c'),
  ('62671432-5dfc-472d-a812-beee2d886003', 'bed888e4-dd5c-4414-b749-f4a6630fe115', 'CNIC_FRONT', 'kyc/bed888e4-dd5c-4414-b749-f4a6630fe115/cnic_front_3d1978d4.jpg', 'APPROVED', '900a5547-efc8-4263-be74-bbe03405259e'),
  ('a3f36ac2-191b-45c1-a470-6ffb87f4cfd7', 'bed888e4-dd5c-4414-b749-f4a6630fe115', 'CNIC_BACK', 'kyc/bed888e4-dd5c-4414-b749-f4a6630fe115/cnic_back_216405a2.jpg', 'APPROVED', '900a5547-efc8-4263-be74-bbe03405259e'),
  ('b234fd66-12af-4a92-b599-0ae0fd3b1429', 'bed888e4-dd5c-4414-b749-f4a6630fe115', 'SELFIE', 'kyc/bed888e4-dd5c-4414-b749-f4a6630fe115/selfie_6a6eba77.jpg', 'APPROVED', 'a7500a4b-0888-4b4c-8dd7-9a285954d237'),
  ('46fe129b-f0c3-453e-a718-9ffcadb1a8dd', 'bed888e4-dd5c-4414-b749-f4a6630fe115', 'PROOF_OF_ADDRESS', 'kyc/bed888e4-dd5c-4414-b749-f4a6630fe115/proof_of_address_ad632411.jpg', 'APPROVED', 'd0aa026e-2ed1-4446-a2f0-3549923cb767'),
  ('447b262b-cd65-4072-9027-8f996430c163', '6e19daad-a7ba-4516-96fe-44adc8c98723', 'CNIC_FRONT', 'kyc/6e19daad-a7ba-4516-96fe-44adc8c98723/cnic_front_fb404615.jpg', 'REJECTED', 'd0aa026e-2ed1-4446-a2f0-3549923cb767'),
  ('8f2c3bde-d23c-4cdf-8ebf-fd6159403ffd', '6e19daad-a7ba-4516-96fe-44adc8c98723', 'CNIC_BACK', 'kyc/6e19daad-a7ba-4516-96fe-44adc8c98723/cnic_back_f3fc9030.jpg', 'REJECTED', 'd0aa026e-2ed1-4446-a2f0-3549923cb767'),
  ('c9162fb1-0953-4ac5-9496-d3b7bee07279', '6e19daad-a7ba-4516-96fe-44adc8c98723', 'SELFIE', 'kyc/6e19daad-a7ba-4516-96fe-44adc8c98723/selfie_3fa3cddb.jpg', 'UNDER_REVIEW', NULL),
  ('fe6f4b52-9813-46d8-ad3a-c13ddfd876d7', '4dbfe6ad-8284-4b73-9bb5-105554f92fb6', 'CNIC_FRONT', 'kyc/4dbfe6ad-8284-4b73-9bb5-105554f92fb6/cnic_front_0f52932c.jpg', 'APPROVED', 'a7500a4b-0888-4b4c-8dd7-9a285954d237'),
  ('bbf7c4c3-65b9-452c-a32a-db8a65842d6b', '4dbfe6ad-8284-4b73-9bb5-105554f92fb6', 'CNIC_BACK', 'kyc/4dbfe6ad-8284-4b73-9bb5-105554f92fb6/cnic_back_8e56ff9e.jpg', 'UNDER_REVIEW', NULL),
  ('78b47dd5-b19d-4269-97a0-bae7207ec6d1', '4dbfe6ad-8284-4b73-9bb5-105554f92fb6', 'SELFIE', 'kyc/4dbfe6ad-8284-4b73-9bb5-105554f92fb6/selfie_cfb27dfa.jpg', 'APPROVED', '73e93709-8483-41ce-b789-42c9766255f3'),
  ('2af8dab4-c8f0-40fe-8b91-3b43629bc820', '4dbfe6ad-8284-4b73-9bb5-105554f92fb6', 'PROOF_OF_ADDRESS', 'kyc/4dbfe6ad-8284-4b73-9bb5-105554f92fb6/proof_of_address_53ea32fb.jpg', 'APPROVED', '73e93709-8483-41ce-b789-42c9766255f3'),
  ('57b1c017-923c-4fcb-8026-bc1edaecbbb4', 'a7500a4b-0888-4b4c-8dd7-9a285954d237', 'SELFIE', 'kyc/a7500a4b-0888-4b4c-8dd7-9a285954d237/selfie_8fabfefb.jpg', 'APPROVED', '73e93709-8483-41ce-b789-42c9766255f3'),
  ('80b31a63-1cdb-44f3-84c3-322eaea9c9a9', 'a2cc882d-3430-4415-99d1-3b79bf519673', 'CNIC_FRONT', 'kyc/a2cc882d-3430-4415-99d1-3b79bf519673/cnic_front_c02b0100.jpg', 'REJECTED', 'a7500a4b-0888-4b4c-8dd7-9a285954d237'),
  ('a2f0faeb-9c7f-4b3b-9da7-148b5235c071', 'a2cc882d-3430-4415-99d1-3b79bf519673', 'CNIC_BACK', 'kyc/a2cc882d-3430-4415-99d1-3b79bf519673/cnic_back_eda9e4cb.jpg', 'PENDING', NULL),
  ('8adb220b-b734-48cf-ad0c-cda5828c7a5a', 'a2cc882d-3430-4415-99d1-3b79bf519673', 'SELFIE', 'kyc/a2cc882d-3430-4415-99d1-3b79bf519673/selfie_cf03e2ce.jpg', 'APPROVED', 'a7500a4b-0888-4b4c-8dd7-9a285954d237'),
  ('6d3d1430-1592-42d8-b561-052a56a671f7', '8c4fc713-c367-4bd8-87fb-05d4f8aca845', 'CNIC_FRONT', 'kyc/8c4fc713-c367-4bd8-87fb-05d4f8aca845/cnic_front_9fe23fdc.jpg', 'APPROVED', '73e93709-8483-41ce-b789-42c9766255f3'),
  ('136a056b-46b1-44d4-b2cc-2f35862a08d8', '8c4fc713-c367-4bd8-87fb-05d4f8aca845', 'CNIC_BACK', 'kyc/8c4fc713-c367-4bd8-87fb-05d4f8aca845/cnic_back_fe2630ee.jpg', 'UNDER_REVIEW', NULL),
  ('a6c17626-24b5-4e87-98b2-b1dd592ee099', '8c4fc713-c367-4bd8-87fb-05d4f8aca845', 'SELFIE', 'kyc/8c4fc713-c367-4bd8-87fb-05d4f8aca845/selfie_d00ffa91.jpg', 'UNDER_REVIEW', NULL),
  ('617babf0-00d6-449c-9a90-c9f838c02d5b', '574a3b04-be48-4c98-9f22-974c6beb201a', 'SELFIE', 'kyc/574a3b04-be48-4c98-9f22-974c6beb201a/selfie_fb1f9b70.jpg', 'APPROVED', '73e93709-8483-41ce-b789-42c9766255f3'),
  ('e4b5fc97-2249-46be-b42b-863ab58fdb3b', '3366848f-2d91-4023-91ac-54ce88641b6d', 'CNIC_FRONT', 'kyc/3366848f-2d91-4023-91ac-54ce88641b6d/cnic_front_dce94829.jpg', 'APPROVED', '900a5547-efc8-4263-be74-bbe03405259e'),
  ('56da0aad-4243-471e-ae95-c75f1a7881eb', '3366848f-2d91-4023-91ac-54ce88641b6d', 'CNIC_BACK', 'kyc/3366848f-2d91-4023-91ac-54ce88641b6d/cnic_back_42f4d459.jpg', 'EXPIRED', NULL),
  ('43591067-ec91-480f-98ce-6719123cf1f5', '3366848f-2d91-4023-91ac-54ce88641b6d', 'SELFIE', 'kyc/3366848f-2d91-4023-91ac-54ce88641b6d/selfie_7122746a.jpg', 'APPROVED', '51fcb34c-6405-4024-975d-24ff149c2a9c'),
  ('7bade201-cdf6-4288-8ca2-307ac6ede0b0', '25ff57f5-1ebb-4ed1-b47f-8732bd99694a', 'CNIC_FRONT', 'kyc/25ff57f5-1ebb-4ed1-b47f-8732bd99694a/cnic_front_f6fd50c0.jpg', 'APPROVED', '73e93709-8483-41ce-b789-42c9766255f3'),
  ('b73c7c64-5a73-4ba4-ace3-2f885040f3d7', '25ff57f5-1ebb-4ed1-b47f-8732bd99694a', 'CNIC_BACK', 'kyc/25ff57f5-1ebb-4ed1-b47f-8732bd99694a/cnic_back_a2337add.jpg', 'APPROVED', 'a7500a4b-0888-4b4c-8dd7-9a285954d237'),
  ('dd775246-33bd-4c80-87bc-ea71b47e7c2a', '25ff57f5-1ebb-4ed1-b47f-8732bd99694a', 'SELFIE', 'kyc/25ff57f5-1ebb-4ed1-b47f-8732bd99694a/selfie_89ad4452.jpg', 'APPROVED', 'd0aa026e-2ed1-4446-a2f0-3549923cb767'),
  ('9ba87769-0262-4192-a157-68d650c8e0a4', 'ea90d380-53f1-4dd3-9543-fa30b45df102', 'CNIC_FRONT', 'kyc/ea90d380-53f1-4dd3-9543-fa30b45df102/cnic_front_d8efaaf5.jpg', 'APPROVED', '900a5547-efc8-4263-be74-bbe03405259e'),
  ('21e02bd8-509d-46d0-83b6-7ab153d3e1f5', 'ea90d380-53f1-4dd3-9543-fa30b45df102', 'CNIC_BACK', 'kyc/ea90d380-53f1-4dd3-9543-fa30b45df102/cnic_back_3cdc264d.jpg', 'APPROVED', '51fcb34c-6405-4024-975d-24ff149c2a9c'),
  ('660bc817-6f76-41ad-b05e-c9f7247b8142', 'ea90d380-53f1-4dd3-9543-fa30b45df102', 'SELFIE', 'kyc/ea90d380-53f1-4dd3-9543-fa30b45df102/selfie_3f83cb02.jpg', 'APPROVED', '73e93709-8483-41ce-b789-42c9766255f3'),
  ('230f798b-8a0d-4b71-8c5d-2b67f4430372', 'a425f6e8-8420-44f8-9e21-3f65520cd42d', 'CNIC_FRONT', 'kyc/a425f6e8-8420-44f8-9e21-3f65520cd42d/cnic_front_5283770e.jpg', 'APPROVED', '51fcb34c-6405-4024-975d-24ff149c2a9c'),
  ('562b32e8-ca82-442b-9cbe-6b47b949b20d', 'a425f6e8-8420-44f8-9e21-3f65520cd42d', 'CNIC_BACK', 'kyc/a425f6e8-8420-44f8-9e21-3f65520cd42d/cnic_back_4df3c7fc.jpg', 'APPROVED', 'a7500a4b-0888-4b4c-8dd7-9a285954d237'),
  ('07d82c2e-3638-44f3-9e63-ff08eef862d9', 'a425f6e8-8420-44f8-9e21-3f65520cd42d', 'SELFIE', 'kyc/a425f6e8-8420-44f8-9e21-3f65520cd42d/selfie_429358f2.jpg', 'APPROVED', 'd0aa026e-2ed1-4446-a2f0-3549923cb767'),
  ('9f0ef018-a091-4635-a8a8-83e1f45ec1fa', 'cb9551b6-2d8e-4e7f-a0b7-901fe47d0e80', 'CNIC_FRONT', 'kyc/cb9551b6-2d8e-4e7f-a0b7-901fe47d0e80/cnic_front_c3ba6da6.jpg', 'APPROVED', '73e93709-8483-41ce-b789-42c9766255f3'),
  ('7afd8b11-58e5-42c1-9c60-073ebf8899de', 'cb9551b6-2d8e-4e7f-a0b7-901fe47d0e80', 'CNIC_BACK', 'kyc/cb9551b6-2d8e-4e7f-a0b7-901fe47d0e80/cnic_back_10daab44.jpg', 'PENDING', NULL),
  ('7d3d38b3-4dd1-4021-8b01-48aa1c235329', 'cb9551b6-2d8e-4e7f-a0b7-901fe47d0e80', 'SELFIE', 'kyc/cb9551b6-2d8e-4e7f-a0b7-901fe47d0e80/selfie_c94dcdd9.jpg', 'APPROVED', '900a5547-efc8-4263-be74-bbe03405259e'),
  ('45be91c3-e8c0-41dc-899f-f9e391911830', 'e6012de9-d583-4b01-a7a8-b1da27138cfd', 'CNIC_FRONT', 'kyc/e6012de9-d583-4b01-a7a8-b1da27138cfd/cnic_front_7c80266d.jpg', 'APPROVED', 'a7500a4b-0888-4b4c-8dd7-9a285954d237'),
  ('8194a9e8-c66b-4f84-982d-dd1a658dda1d', 'e6012de9-d583-4b01-a7a8-b1da27138cfd', 'CNIC_BACK', 'kyc/e6012de9-d583-4b01-a7a8-b1da27138cfd/cnic_back_97dd12da.jpg', 'APPROVED', 'a7500a4b-0888-4b4c-8dd7-9a285954d237'),
  ('32db3877-704c-488b-a0c1-f209e023b0b2', 'e6012de9-d583-4b01-a7a8-b1da27138cfd', 'SELFIE', 'kyc/e6012de9-d583-4b01-a7a8-b1da27138cfd/selfie_ecf2439f.jpg', 'UNDER_REVIEW', NULL),
  ('7fb0a8c3-bf21-4b57-a96a-68eaabdc0b03', '2772ca7d-0d78-41b2-9f7d-cfc91b122400', 'SELFIE', 'kyc/2772ca7d-0d78-41b2-9f7d-cfc91b122400/selfie_15729d00.jpg', 'APPROVED', 'a7500a4b-0888-4b4c-8dd7-9a285954d237')
ON CONFLICT DO NOTHING;

-- ── contracts (───────────────────────────────────)
INSERT INTO contracts (id, reference_number, client_id, freelancer_id, title, scope, total_amount, platform_fee, currency_code, status, max_revisions, revision_count, delivery_deadline, funded_at, completed_at, cancelled_at, created_at, updated_at) VALUES
  ('5c6cb7a4-07c3-40fc-86ec-3cd54df324e5', 'PKE-2024-00001', '2b905960-78c7-42fe-8403-4bdf8b0eec2b', 'cd861fd9-0552-442e-9cf9-c30c3941a57f', 'Social Media Campaign for Miller-Allen', 'Adult pay question law even officer effect. Candidate side wind Mr value sell. Society part board career than.', '75697.2800', '1135.4600', 'PKR', 'DELIVERED', 4, 2, '2026-04-16T20:38:41.478989+00:00', '2026-01-18T20:38:41.478989+00:00', NULL, NULL, '2026-01-16T20:38:41.478989+00:00', '2026-01-18T20:38:41.478989+00:00'),
  ('deaeb3f5-65fa-4ad1-a3cf-24e893248794', 'PKE-2024-00002', '70e83877-9476-47e6-8eb5-1b148b5f6748', '2bc1f037-5253-4bd8-80d1-d18a59fc3600', 'Social Media Campaign for Jones, Guzman and Stephenson', 'Model information process sometimes. His provide there out authority. Send section guess we picture.', '465155.5400', '6977.3300', 'PKR', 'DELIVERED', 2, 2, '2025-10-25T20:29:41.479880+00:00', '2025-07-29T20:29:41.479880+00:00', NULL, NULL, '2025-07-25T20:29:41.479880+00:00', '2025-07-27T20:29:41.479880+00:00'),
  ('836b9b1b-0534-4cde-b833-037219fa2d39', 'PKE-2024-00003', '2018990f-2b56-4b13-af0a-d8377a2e6e04', 'e6012de9-d583-4b01-a7a8-b1da27138cfd', 'Motion Graphics Intro for Bailey-Christian', 'Head drug property everyone particularly or. Recently by everything either want tonight Democrat.', '9169.9800', '137.5500', 'GBP', 'IN_PROGRESS', 5, 3, '2026-07-26T07:27:41.480644+00:00', '2026-05-15T07:27:41.480644+00:00', NULL, NULL, '2026-05-11T07:27:41.480644+00:00', '2026-05-14T07:27:41.480644+00:00'),
  ('0e17094c-edae-4d60-9f23-8381e1f8edb5', 'PKE-2024-00004', '2bcafc3f-322a-46de-a2f4-e310a5695fb7', 'cd861fd9-0552-442e-9cf9-c30c3941a57f', 'Content Writing (10 Articles) for Torres, Johnson and Stevens', 'Add view send perform evening bed.', '451241.4200', '6768.6200', 'PKR', 'DISPUTED', 2, 0, '2026-07-03T17:59:41.481213+00:00', '2026-04-09T17:59:41.481213+00:00', NULL, NULL, '2026-04-07T17:59:41.481213+00:00', '2026-04-08T17:59:41.481213+00:00'),
  ('dab47fa3-b884-4a45-8299-ec1e05decc11', 'PKE-2024-00005', '2b905960-78c7-42fe-8403-4bdf8b0eec2b', '30e4ba01-2eb5-4df4-b3a0-04069742e7e9', 'Content Writing (10 Articles) for Juarez-Singleton', 'Mr crime still soldier. Loss paper its professor. Since theory score yes partner lawyer. Others each food ready agent weight so second.', '329962.2500', '4949.4300', 'PKR', 'IN_PROGRESS', 4, 0, '2026-01-22T21:26:41.481909+00:00', '2025-12-15T21:26:41.481909+00:00', NULL, NULL, '2025-12-14T21:26:41.481909+00:00', '2025-12-18T21:26:41.481909+00:00'),
  ('9993f595-0930-470e-b583-52c920f263f6', 'PKE-2024-00006', '8ab19e94-bdbd-4a2e-a50f-3855a8a6ed5b', '30e4ba01-2eb5-4df4-b3a0-04069742e7e9', 'Social Media Campaign for Mitchell, Hart and Robles', 'Smile finally him protect stuff trial result. Deal beautiful high mouth. Chair notice throughout special bar attention former major.', '372641.8600', '5589.6300', 'AUD', 'COMPLETED', 4, 0, '2026-01-07T13:29:41.482495+00:00', '2025-12-12T13:29:41.482495+00:00', '2026-01-02T13:29:41.482495+00:00', NULL, '2025-12-08T13:29:41.482495+00:00', '2025-12-11T13:29:41.482495+00:00'),
  ('fec36306-7c9e-4835-a9a7-df168121a630', 'PKE-2024-00007', '70e83877-9476-47e6-8eb5-1b148b5f6748', '7049d436-fdcb-44ed-ae4c-06fda4f6a168', 'Translation Services for Wilcox Inc', 'East factor current nice rule only. Page run large sea center less education health.', '175163.2400', '2627.4500', 'PKR', 'CANCELLED', 4, 3, '2025-11-07T03:22:41.483241+00:00', '2025-10-08T03:22:41.483241+00:00', NULL, '2025-10-20T03:22:41.483241+00:00', '2025-10-04T03:22:41.483241+00:00', '2025-10-09T03:22:41.483241+00:00'),
  ('5b5f42ff-fc07-4f59-805f-d0871fd28fbf', 'PKE-2024-00008', '18613aee-03ee-4059-a67a-45dd3d32d28a', '323703bf-9386-4840-a317-6d4044b083b0', 'Content Writing (10 Articles) for Bell-Oliver', 'Make question again question interview.', '175467.7500', '2632.0200', 'PKR', 'DRAFT', 5, 0, '2026-05-28T02:39:41.483617+00:00', NULL, NULL, NULL, '2026-04-22T02:39:41.483617+00:00', '2026-04-27T02:39:41.483617+00:00'),
  ('f15c0fb8-1649-43a4-b0ec-0f17aee29c40', 'PKE-2024-00009', 'ef477e12-bd32-4a32-902b-268326241525', 'ea90d380-53f1-4dd3-9543-fa30b45df102', 'Translation Services for Craig Inc', 'Tell improve adult different easy possible commercial possible. Him stuff section ground as should. All cup new town there care time.', '304018.0000', '4560.2700', 'PKR', 'COMPLETED', 4, 3, '2026-01-07T07:07:41.484138+00:00', '2025-10-29T07:07:41.484138+00:00', '2025-11-17T07:07:41.484138+00:00', NULL, '2025-10-27T07:07:41.484138+00:00', '2025-11-01T07:07:41.484138+00:00'),
  ('34a1643f-4a8d-4f45-b568-b6d3e2cc3fca', 'PKE-2024-00010', '428a2e37-d6b6-4557-87c7-17e8eaa04973', '58ad4cd5-b2da-44c4-baaa-c0f44c3d570a', 'Data Entry Project for Morris, Adams and Martinez', 'Least person hospital skill scientist. Available write old. Mission trade fish.', '153531.2700', '2302.9700', 'PKR', 'PENDING_ACCEPTANCE', 2, 0, '2025-11-28T20:39:41.484532+00:00', NULL, NULL, NULL, '2025-10-22T20:39:41.484532+00:00', '2025-10-23T20:39:41.484532+00:00'),
  ('0905b974-5ebc-463d-bca7-e550416fca0e', 'PKE-2024-00011', '9aadaf6b-8894-426a-8531-3fdbaaeb5fd0', '58ad4cd5-b2da-44c4-baaa-c0f44c3d570a', 'Brand Identity & Logo for Ford-Farrell', 'Control technology turn heavy already public occur.', '94907.8000', '1423.6200', 'PKR', 'PENDING_ACCEPTANCE', 5, 0, '2025-12-20T10:41:41.485281+00:00', NULL, NULL, NULL, '2025-11-19T10:41:41.485281+00:00', '2025-11-24T10:41:41.485281+00:00'),
  ('9c2ff257-71b8-476c-b19a-06cbc7bb3a15', 'PKE-2024-00012', '9aadaf6b-8894-426a-8531-3fdbaaeb5fd0', '30e4ba01-2eb5-4df4-b3a0-04069742e7e9', 'SEO Strategy for Carpenter, Cross and Johnson', 'Material child clear sister. Bring matter later Republican tonight your. Around more hotel spring. To return policy again evidence.', '226513.4800', '3397.7000', 'PKR', 'PENDING_ACCEPTANCE', 4, 0, '2026-07-11T19:34:41.485788+00:00', NULL, NULL, NULL, '2026-05-10T19:34:41.485788+00:00', '2026-05-14T19:34:41.485788+00:00'),
  ('c05eb68c-3331-4cf5-9165-67cde632795a', 'PKE-2024-00013', '8ab19e94-bdbd-4a2e-a50f-3855a8a6ed5b', '323703bf-9386-4840-a317-6d4044b083b0', 'Mobile App UI/UX for Stokes-Reyes', 'Benefit matter PM return apply. Dinner speech five a ready it. Game itself such.', '474939.1600', '7124.0900', 'PKR', 'IN_PROGRESS', 2, 2, '2026-02-11T08:21:41.486515+00:00', '2025-12-23T08:21:41.486515+00:00', NULL, NULL, '2025-12-22T08:21:41.486515+00:00', '2025-12-27T08:21:41.486515+00:00'),
  ('b1ab1678-495e-46b4-ada7-f40c85d1ca50', 'PKE-2024-00014', 'b70759ac-fb5d-4261-8d71-37b125921ab5', '8eadcf69-7f80-40fd-a595-8eee0899c906', 'Translation Services for Ball-Richard', 'General report pay center. Special nation husband force.', '284648.5800', '4269.7300', 'PKR', 'PENDING_ACCEPTANCE', 2, 0, '2026-01-05T00:21:41.487081+00:00', NULL, NULL, NULL, '2025-10-21T00:21:41.487081+00:00', '2025-10-23T00:21:41.487081+00:00'),
  ('14a997cc-aa67-49f4-be4a-202c63f2e4ae', 'PKE-2024-00015', '2018990f-2b56-4b13-af0a-d8377a2e6e04', 'a76e8f1a-1b5a-406d-9242-6292c3e1af56', 'Shopify Store Customisation for Clay-Hernandez', 'Prevent expert mother pass join. Feeling better their development.', '226858.4200', '3402.8800', 'USD', 'IN_PROGRESS', 5, 3, '2025-11-21T01:19:41.487607+00:00', '2025-10-20T01:19:41.487607+00:00', NULL, NULL, '2025-10-16T01:19:41.487607+00:00', '2025-10-19T01:19:41.487607+00:00'),
  ('0fe89578-611f-437f-ac46-18df6e79be0c', 'PKE-2024-00016', '4dbfe6ad-8284-4b73-9bb5-105554f92fb6', 'e6012de9-d583-4b01-a7a8-b1da27138cfd', 'Video Editing & Colour Grade for Taylor, Hanna and Mcdaniel', 'Else subject author these yes shake reality. Politics my especially yourself magazine picture. Add paper attack director memory moment thousand PM.', '277831.7100', '4167.4800', 'USD', 'COMPLETED', 4, 1, '2025-11-18T21:49:41.488161+00:00', '2025-08-22T21:49:41.488161+00:00', '2025-10-12T21:49:41.488161+00:00', NULL, '2025-08-18T21:49:41.488161+00:00', '2025-08-23T21:49:41.488161+00:00'),
  ('b42b19c8-2a92-4cd5-88ff-1fd5157b96c2', 'PKE-2024-00017', '2b905960-78c7-42fe-8403-4bdf8b0eec2b', 'c31cb78f-e21f-4a84-957e-67958fdf321a', 'WordPress Blog Setup for Warner-Thompson', 'Front staff last but week answer hour this. Fight bed can appear force. Fund suddenly consider require well decide once.', '427622.7900', '6414.3400', 'PKR', 'DELIVERED', 4, 1, '2026-02-13T15:02:41.488902+00:00', '2025-12-30T15:02:41.488902+00:00', NULL, NULL, '2025-12-27T15:02:41.488902+00:00', '2025-12-28T15:02:41.488902+00:00'),
  ('2d3aa4b1-67c6-46cb-a0da-dbb4c2629119', 'PKE-2024-00018', '4dbfe6ad-8284-4b73-9bb5-105554f92fb6', '4eee5935-6908-4cc9-a46c-736e719f927f', 'Brand Identity & Logo for Ballard, Nguyen and Blanchard', 'Report cover difference inside score. Event project threat blood we ability bank participant. Answer stuff huge difference north because other throughout.', '434524.5200', '6517.8700', 'PKR', 'IN_PROGRESS', 2, 1, '2026-02-15T15:52:41.489443+00:00', '2025-12-13T15:52:41.489443+00:00', NULL, NULL, '2025-12-11T15:52:41.489443+00:00', '2025-12-15T15:52:41.489443+00:00'),
  ('10f4c553-c7bd-4db4-928c-e0f1fae7774c', 'PKE-2024-00019', 'bed888e4-dd5c-4414-b749-f4a6630fe115', 'e6012de9-d583-4b01-a7a8-b1da27138cfd', 'Mobile App UI/UX for Alexander-Carpenter', 'I large him significant end. Table small participant detail main policy cause.', '343881.0800', '5158.2200', 'PKR', 'COMPLETED', 3, 0, '2026-04-04T04:34:41.490172+00:00', '2026-01-18T04:34:41.490172+00:00', '2026-03-03T04:34:41.490172+00:00', NULL, '2026-01-14T04:34:41.490172+00:00', '2026-01-18T04:34:41.490172+00:00'),
  ('ff7af1c7-c875-4c63-8b53-464f3e5bdbe1', 'PKE-2024-00020', '4dbfe6ad-8284-4b73-9bb5-105554f92fb6', '58ad4cd5-b2da-44c4-baaa-c0f44c3d570a', 'Mobile App UI/UX for Riley PLC', 'Keep family take group employee. Benefit anyone what pull cover. Test take husband hospital worry order discuss.', '292867.8700', '4393.0200', 'PKR', 'COMPLETED', 5, 0, '2026-01-26T21:52:41.490707+00:00', '2025-12-08T21:52:41.490707+00:00', '2026-01-28T21:52:41.490707+00:00', NULL, '2025-12-05T21:52:41.490707+00:00', '2025-12-07T21:52:41.490707+00:00'),
  ('841e9a80-d1f1-4e4a-9924-002f06b2c2fb', 'PKE-2024-00021', '62f239dc-ae35-4e77-a6dd-2c1f9419018f', '3366848f-2d91-4023-91ac-54ce88641b6d', 'Brand Identity & Logo for Hart PLC', 'Design blood firm mission or drop else yard. Station build building common threat never price accept. Mouth various democratic your change control serve.', '268634.5500', '4029.5200', 'PKR', 'CANCELLED', 3, 2, '2026-04-15T12:23:41.491134+00:00', '2026-01-28T12:23:41.491134+00:00', NULL, '2026-01-31T12:23:41.491134+00:00', '2026-01-27T12:23:41.491134+00:00', '2026-01-28T12:23:41.491134+00:00'),
  ('a983ea86-fa13-4312-ba13-29b480fc2b77', 'PKE-2024-00022', '70e83877-9476-47e6-8eb5-1b148b5f6748', '6872ee47-6643-4718-b09f-4476d930b48c', 'Data Entry Project for Richardson LLC', 'Create hair family tree. Country eye especially mother of popular friend ability.', '185231.9800', '2778.4800', 'GBP', 'IN_PROGRESS', 4, 3, '2026-03-14T02:31:41.491535+00:00', '2025-12-30T02:31:41.491535+00:00', NULL, NULL, '2025-12-28T02:31:41.491535+00:00', '2025-12-30T02:31:41.491535+00:00'),
  ('aad7f279-3724-480d-af60-ee2187f89cd5', 'PKE-2024-00023', 'a425f6e8-8420-44f8-9e21-3f65520cd42d', '40436112-77eb-4017-9eca-31e686fc0064', 'Video Editing & Colour Grade for Wiley, Decker and Taylor', 'Give human lose him late serve together. Onto end teach on writer. Talk far sometimes know hit add two.', '204653.3400', '3069.8000', 'PKR', 'IN_PROGRESS', 2, 1, '2026-01-16T20:39:41.491934+00:00', '2025-10-28T20:39:41.491934+00:00', NULL, NULL, '2025-10-27T20:39:41.491934+00:00', '2025-11-01T20:39:41.491934+00:00'),
  ('93260462-f32f-48bd-b056-5899031fc2ec', 'PKE-2024-00024', '428a2e37-d6b6-4557-87c7-17e8eaa04973', '3366848f-2d91-4023-91ac-54ce88641b6d', 'Flutter App for Smith Inc', 'Appear heavy finally. Probably but plan keep by laugh. Prove small a employee. Any company human assume.', '177414.7000', '2661.2200', 'PKR', 'DISPUTED', 5, 1, '2026-01-21T01:24:41.492724+00:00', '2025-11-16T01:24:41.492724+00:00', NULL, NULL, '2025-11-12T01:24:41.492724+00:00', '2025-11-15T01:24:41.492724+00:00'),
  ('47e17ac0-cc11-4ad0-b0fc-a28677fdc290', 'PKE-2024-00025', '2bcafc3f-322a-46de-a2f4-e310a5695fb7', 'eab4ea83-34dc-4c84-a504-6d26a70672bd', 'Python Data Pipeline for Holt and Sons', 'Section the building eight admit from prove. Player real account listen quality consider. Born hotel source seat.', '63336.8700', '950.0500', 'CNY', 'DELIVERED', 2, 2, '2025-11-13T22:58:41.493159+00:00', '2025-10-04T22:58:41.493159+00:00', NULL, NULL, '2025-09-30T22:58:41.493159+00:00', '2025-10-04T22:58:41.493159+00:00'),
  ('1402b10c-787b-4391-9ea8-fd8df2b44e3b', 'PKE-2024-00026', '70e83877-9476-47e6-8eb5-1b148b5f6748', '58ad4cd5-b2da-44c4-baaa-c0f44c3d570a', 'Data Entry Project for Myers-Rollins', 'Agree few now home arm wait. Upon need boy morning fire others act American. Few community hear big reality heart.', '196487.8100', '2947.3200', 'PKR', 'DISPUTED', 2, 2, '2026-03-01T23:44:41.493555+00:00', '2025-12-16T23:44:41.493555+00:00', NULL, NULL, '2025-12-12T23:44:41.493555+00:00', '2025-12-13T23:44:41.493555+00:00'),
  ('c3db0986-d010-4c8b-ad92-8deb7f293a74', 'PKE-2024-00027', '6e19daad-a7ba-4516-96fe-44adc8c98723', '7049d436-fdcb-44ed-ae4c-06fda4f6a168', 'Content Writing (10 Articles) for Valentine-Fleming', 'Machine rich walk can child. Relationship ago next trouble movie.', '299936.1200', '4499.0400', 'PKR', 'REFUNDED', 5, 0, '2026-06-28T04:08:41.494173+00:00', '2026-05-13T04:08:41.494173+00:00', NULL, '2026-05-27T04:08:41.494173+00:00', '2026-05-09T04:08:41.494173+00:00', '2026-05-13T04:08:41.494173+00:00'),
  ('2348c9f9-4cce-476c-825c-9ce8e5e882fa', 'PKE-2024-00028', '18613aee-03ee-4059-a67a-45dd3d32d28a', '39f4db77-1552-4c4b-8e3c-7add3e63dbc7', 'E-Commerce Website for Price-Wilson', 'Month military rather during I accept. Direction stuff draw hour particular.', '395008.4600', '5925.1300', 'INR', 'COMPLETED', 2, 1, '2025-10-20T15:22:41.494719+00:00', '2025-10-06T15:22:41.494719+00:00', '2025-11-24T15:22:41.494719+00:00', NULL, '2025-10-04T15:22:41.494719+00:00', '2025-10-05T15:22:41.494719+00:00'),
  ('a4b10cd6-2ae4-4065-8eb6-1f1cf1516682', 'PKE-2024-00029', 'ef477e12-bd32-4a32-902b-268326241525', 'a2cc882d-3430-4415-99d1-3b79bf519673', 'Python Data Pipeline for Escobar, Barnes and Wagner', 'Decade strong box consumer medical. First should deal. Couple democratic significant score investment water.', '113233.2400', '1698.5000', 'PKR', 'DELIVERED', 3, 2, '2026-06-13T16:59:41.495332+00:00', '2026-04-26T16:59:41.495332+00:00', NULL, NULL, '2026-04-25T16:59:41.495332+00:00', '2026-04-28T16:59:41.495332+00:00'),
  ('0061b55b-835b-4a93-96ff-7a2801ae89e3', 'PKE-2024-00030', '9aadaf6b-8894-426a-8531-3fdbaaeb5fd0', '2772ca7d-0d78-41b2-9f7d-cfc91b122400', 'Python Data Pipeline for Ho, Washington and Sanchez', 'Maybe social down character town that. Ready majority sit. Best drop energy popular against.', '171241.9400', '2568.6300', 'PKR', 'DISPUTED', 3, 2, '2026-03-26T13:19:41.496069+00:00', '2026-03-12T13:19:41.496069+00:00', NULL, NULL, '2026-03-11T13:19:41.496069+00:00', '2026-03-12T13:19:41.496069+00:00'),
  ('2177949b-3c26-4fa4-8b38-c81a4b92bf71', 'PKE-2024-00031', '6e19daad-a7ba-4516-96fe-44adc8c98723', 'e6012de9-d583-4b01-a7a8-b1da27138cfd', 'Motion Graphics Intro for Baxter, Allen and Sanchez', 'Summer most certain director security staff wait. Such day head lawyer.', '31675.7200', '475.1400', 'PKR', 'DELIVERED', 4, 1, '2025-08-28T00:06:41.496791+00:00', '2025-08-07T00:06:41.496791+00:00', NULL, NULL, '2025-08-06T00:06:41.496791+00:00', '2025-08-10T00:06:41.496791+00:00'),
  ('d5cea774-b673-4a0b-ad52-7a42ffe7b149', 'PKE-2024-00032', 'b70759ac-fb5d-4261-8d71-37b125921ab5', 'd30aad51-da33-440b-b774-df93c4a7364c', 'E-Commerce Website for Garrison LLC', 'Seat land discussion. Tax key him every movement car. Safe out food five.', '127915.7500', '1918.7400', 'AED', 'DELIVERED', 5, 0, '2025-12-31T19:34:41.497489+00:00', '2025-11-16T19:34:41.497489+00:00', NULL, NULL, '2025-11-14T19:34:41.497489+00:00', '2025-11-19T19:34:41.497489+00:00'),
  ('92e71027-113c-4670-baae-40d8665aca09', 'PKE-2024-00033', '2bcafc3f-322a-46de-a2f4-e310a5695fb7', 'c31cb78f-e21f-4a84-957e-67958fdf321a', 'Social Media Campaign for Cooper, Ho and Brown', 'Military dream among lose. Clearly president like number few population.', '297851.7900', '4467.7800', 'PKR', 'CANCELLED', 2, 0, '2025-10-27T07:28:41.498008+00:00', '2025-08-05T07:28:41.498008+00:00', NULL, '2025-08-16T07:28:41.498008+00:00', '2025-08-02T07:28:41.498008+00:00', '2025-08-04T07:28:41.498008+00:00'),
  ('9f597cb8-6be0-4367-b297-0f587d0106cf', 'PKE-2024-00034', '428a2e37-d6b6-4557-87c7-17e8eaa04973', 'a76e8f1a-1b5a-406d-9242-6292c3e1af56', 'Flutter App for Roberts, Jones and Pacheco', 'Soon thank under sport only time. Admit worker history home few system.', '473896.1500', '7108.4400', 'USD', 'COMPLETED', 3, 2, '2026-05-22T02:27:41.498760+00:00', '2026-04-10T02:27:41.498760+00:00', '2026-06-01T02:27:41.498760+00:00', NULL, '2026-04-06T02:27:41.498760+00:00', '2026-04-11T02:27:41.498760+00:00'),
  ('9bd3d329-37c4-48f6-a859-1a61664b6774', 'PKE-2024-00035', '6e19daad-a7ba-4516-96fe-44adc8c98723', '574a3b04-be48-4c98-9f22-974c6beb201a', 'React Dashboard for Mccarthy-Hodges', 'Enter former control financial health. Hot table including loss fire reach. Strategy Mrs girl light return chance.', '18240.0500', '273.6000', 'PKR', 'CANCELLED', 3, 3, '2026-04-28T12:26:41.499477+00:00', '2026-03-11T12:26:41.499477+00:00', NULL, '2026-03-16T12:26:41.499477+00:00', '2026-03-07T12:26:41.499477+00:00', '2026-03-08T12:26:41.499477+00:00'),
  ('b86c363e-8864-4528-93ab-f5a7a0bb5167', 'PKE-2024-00036', '18613aee-03ee-4059-a67a-45dd3d32d28a', 'cd861fd9-0552-442e-9cf9-c30c3941a57f', 'WordPress Blog Setup for Francis, Nguyen and Trevino', 'Book fine goal at stuff thus. With end bring ok success.', '178315.4500', '2674.7300', 'PKR', 'FUNDED', 2, 0, '2025-11-09T13:09:41.501349+00:00', '2025-10-02T13:09:41.501349+00:00', NULL, NULL, '2025-10-01T13:09:41.501349+00:00', '2025-10-03T13:09:41.501349+00:00'),
  ('9dc277af-626c-46be-a2d5-cb1a4f86cfd9', 'PKE-2024-00037', 'a425f6e8-8420-44f8-9e21-3f65520cd42d', 'c31cb78f-e21f-4a84-957e-67958fdf321a', 'Motion Graphics Intro for Lewis-Daniels', 'Take make body. Loss might open.', '400185.8500', '6002.7900', 'EUR', 'COMPLETED', 4, 1, '2025-11-22T12:37:41.502127+00:00', '2025-09-12T12:37:41.502127+00:00', '2025-09-20T12:37:41.502127+00:00', NULL, '2025-09-08T12:37:41.502127+00:00', '2025-09-09T12:37:41.502127+00:00'),
  ('34c7c66c-5b08-4213-9591-499b1c88629e', 'PKE-2024-00038', '62f239dc-ae35-4e77-a6dd-2c1f9419018f', 'cd861fd9-0552-442e-9cf9-c30c3941a57f', 'SEO Strategy for Day-Kelley', 'Thing fire news collection.', '128886.6500', '1933.3000', 'PKR', 'COMPLETED', 3, 3, '2026-05-28T13:15:41.502737+00:00', '2026-04-25T13:15:41.502737+00:00', '2026-05-22T13:15:41.502737+00:00', NULL, '2026-04-24T13:15:41.502737+00:00', '2026-04-26T13:15:41.502737+00:00'),
  ('8d4dac2b-1032-42af-964b-75639c2913b5', 'PKE-2024-00039', 'bed888e4-dd5c-4414-b749-f4a6630fe115', '1ee784f9-10a9-4852-ae81-fbca3d91120a', 'Motion Graphics Intro for Rosales, Phillips and Jackson', 'Energy stop wall all. Sit soon money chair guess read prove. Inside movement garden hit. Base believe any billion sound word sport.', '218721.4800', '3280.8200', 'PKR', 'DELIVERED', 5, 1, '2026-05-06T14:13:41.503318+00:00', '2026-02-06T14:13:41.503318+00:00', NULL, NULL, '2026-02-04T14:13:41.503318+00:00', '2026-02-06T14:13:41.503318+00:00'),
  ('5e456f0b-e2b4-4677-a04d-3e43595f1164', 'PKE-2024-00040', 'a425f6e8-8420-44f8-9e21-3f65520cd42d', '42c52773-f8ae-4373-af38-827b571ace67', 'Content Writing (10 Articles) for Larsen and Sons', 'Threat fast different computer reflect player whose. Likely product ago spring building standard newspaper through.', '124405.3700', '1866.0800', 'EUR', 'COMPLETED', 4, 0, '2026-03-11T13:52:41.505044+00:00', '2025-12-20T13:52:41.505044+00:00', '2026-01-02T13:52:41.505044+00:00', NULL, '2025-12-17T13:52:41.505044+00:00', '2025-12-19T13:52:41.505044+00:00'),
  ('ab76dac9-5052-41f6-8569-b000f8ac7f2e', 'PKE-2024-00041', 'a425f6e8-8420-44f8-9e21-3f65520cd42d', '74ce123b-204a-474f-bffc-8ea53f885eb6', 'Motion Graphics Intro for Reed Group', 'About western bed stay. Role hear Mr send.', '235077.2600', '3526.1600', 'USD', 'DELIVERED', 2, 0, '2026-06-14T14:41:41.505497+00:00', '2026-04-01T14:41:41.505497+00:00', NULL, NULL, '2026-03-30T14:41:41.505497+00:00', '2026-04-03T14:41:41.505497+00:00'),
  ('be5e7934-fcf8-4e31-bb0f-86ce9548d895', 'PKE-2024-00042', 'bed888e4-dd5c-4414-b749-f4a6630fe115', 'eab4ea83-34dc-4c84-a504-6d26a70672bd', 'Social Media Campaign for Riley, Wade and Smith', 'Prepare or put. Night possible nearly population however.', '60515.0000', '907.7300', 'PKR', 'CANCELLED', 3, 2, '2026-06-13T17:22:41.505923+00:00', '2026-04-09T17:22:41.505923+00:00', NULL, '2026-04-15T17:22:41.505923+00:00', '2026-04-06T17:22:41.505923+00:00', '2026-04-10T17:22:41.505923+00:00'),
  ('da9cd23d-da56-4de4-9cb9-0248e7065639', 'PKE-2024-00043', 'b70759ac-fb5d-4261-8d71-37b125921ab5', 'eab4ea83-34dc-4c84-a504-6d26a70672bd', 'WordPress Blog Setup for Roberts-Shaffer', 'Suggest indicate keep fund surface order think. Effect particular issue majority I.', '222764.4900', '3341.4700', 'EUR', 'DELIVERED', 5, 0, '2026-02-24T05:52:41.506653+00:00', '2026-01-17T05:52:41.506653+00:00', NULL, NULL, '2026-01-13T05:52:41.506653+00:00', '2026-01-14T05:52:41.506653+00:00'),
  ('ab5447de-2306-4a61-9d31-44279dcbb769', 'PKE-2024-00044', '8ab19e94-bdbd-4a2e-a50f-3855a8a6ed5b', '8c4fc713-c367-4bd8-87fb-05d4f8aca845', 'Social Media Campaign for Smith-Martinez', 'Network radio member effort three think. Ten Republican we create certainly.', '352408.3100', '5286.1200', 'PKR', 'FUNDED', 4, 0, '2026-05-28T05:53:41.507273+00:00', '2026-04-10T05:53:41.507273+00:00', NULL, NULL, '2026-04-08T05:53:41.507273+00:00', '2026-04-13T05:53:41.507273+00:00'),
  ('652f7958-7017-4af6-9b48-1939cef9c686', 'PKE-2024-00045', '2018990f-2b56-4b13-af0a-d8377a2e6e04', '1ee784f9-10a9-4852-ae81-fbca3d91120a', 'React Dashboard for Gray, Mcdonald and Boyd', 'Than sound newspaper father owner improve which. Possible seat remember modern pick main.', '445427.6200', '6681.4100', 'PKR', 'IN_PROGRESS', 5, 1, '2026-08-01T04:18:41.507902+00:00', '2026-05-10T04:18:41.507902+00:00', NULL, NULL, '2026-05-06T04:18:41.507902+00:00', '2026-05-10T04:18:41.507902+00:00'),
  ('61e45fc3-4dff-4f12-b7ba-f88e1ae214fe', 'PKE-2024-00046', '8ab19e94-bdbd-4a2e-a50f-3855a8a6ed5b', '42c52773-f8ae-4373-af38-827b571ace67', 'Shopify Store Customisation for Thompson, Jones and Tran', 'Under value draw visit yeah response. East official those there get floor.', '31456.1800', '471.8400', 'PKR', 'DISPUTED', 2, 0, '2026-02-22T19:51:41.508989+00:00', '2026-02-06T19:51:41.508989+00:00', NULL, NULL, '2026-02-03T19:51:41.508989+00:00', '2026-02-07T19:51:41.508989+00:00'),
  ('4e5aee71-5f60-4eca-b25e-f71d4b24ef25', 'PKE-2024-00047', '62f239dc-ae35-4e77-a6dd-2c1f9419018f', '323703bf-9386-4840-a317-6d4044b083b0', 'Shopify Store Customisation for Clay, Lopez and Martinez', 'First card interesting different even cup. Concern many hard too material. New box I beat.', '17452.0000', '261.7800', 'PKR', 'DISPUTED', 4, 0, '2026-01-31T04:54:41.509731+00:00', '2025-12-06T04:54:41.509731+00:00', NULL, NULL, '2025-12-02T04:54:41.509731+00:00', '2025-12-04T04:54:41.509731+00:00'),
  ('18eead22-ac29-47cb-8f6e-43bb8afca708', 'PKE-2024-00048', '9aadaf6b-8894-426a-8531-3fdbaaeb5fd0', 'a2cc882d-3430-4415-99d1-3b79bf519673', 'Brand Identity & Logo for Peck, Simpson and Hernandez', 'Money television relationship military small. White itself wait customer certainly send nothing both. Page good tax list pretty remain fall.', '311771.8100', '4676.5800', 'EUR', 'IN_PROGRESS', 5, 3, '2026-01-20T05:24:41.510471+00:00', '2025-11-27T05:24:41.510471+00:00', NULL, NULL, '2025-11-24T05:24:41.510471+00:00', '2025-11-28T05:24:41.510471+00:00'),
  ('fa357ca6-ac82-43d3-ba07-e86c88621032', 'PKE-2024-00049', '2018990f-2b56-4b13-af0a-d8377a2e6e04', '6872ee47-6643-4718-b09f-4476d930b48c', 'Flutter App for Webb, Kent and Johnson', 'Both sense trip physical resource. Skin we learn read national someone.', '271479.2000', '4072.1900', 'PKR', 'COMPLETED', 4, 2, '2026-05-11T19:08:41.511242+00:00', '2026-04-13T19:08:41.511242+00:00', '2026-06-12T19:08:41.511242+00:00', NULL, '2026-04-09T19:08:41.511242+00:00', '2026-04-10T19:08:41.511242+00:00'),
  ('52233bdf-2155-42f6-a4b1-6a5113dd373f', 'PKE-2024-00050', '18613aee-03ee-4059-a67a-45dd3d32d28a', 'cb9551b6-2d8e-4e7f-a0b7-901fe47d0e80', 'Social Media Campaign for Johnson, Clark and Davis', 'Break organization campaign watch. Rest force low environment lawyer.', '59650.4100', '894.7600', 'PKR', 'FUNDED', 4, 0, '2025-09-23T18:42:41.511992+00:00', '2025-07-27T18:42:41.511992+00:00', NULL, NULL, '2025-07-25T18:42:41.511992+00:00', '2025-07-26T18:42:41.511992+00:00')
ON CONFLICT DO NOTHING;
INSERT INTO contracts (id, reference_number, client_id, freelancer_id, title, scope, total_amount, platform_fee, currency, status, max_revisions, revision_count, delivery_deadline, funded_at, completed_at, cancelled_at, created_at, updated_at) VALUES
  ('55da48b9-9150-4a34-86a6-13646c9b79e8', 'PKE-2024-00051', 'bed888e4-dd5c-4414-b749-f4a6630fe115', '25ff57f5-1ebb-4ed1-b47f-8732bd99694a', 'React Dashboard for Delgado Ltd', 'Conference social note set beautiful program piece. Race door family model.', '63092.8500', '946.3900', 'PKR', 'DISPUTED', 4, 1, '2026-05-05T20:56:41.512774+00:00', '2026-03-01T20:56:41.512774+00:00', NULL, NULL, '2026-02-26T20:56:41.512774+00:00', '2026-02-28T20:56:41.512774+00:00'),
  ('4ccef674-946f-4829-97c2-6b12f55ebb28', 'PKE-2024-00052', '428a2e37-d6b6-4557-87c7-17e8eaa04973', '6872ee47-6643-4718-b09f-4476d930b48c', 'Brand Identity & Logo for Tran-Allen', 'Management cup save. Eat store strong still laugh cut thank. Present attention because as others past exactly.', '31654.4700', '474.8200', 'PKR', 'COMPLETED', 2, 2, '2026-05-26T18:04:41.513175+00:00', '2026-04-18T18:04:41.513175+00:00', '2026-05-02T18:04:41.513175+00:00', NULL, '2026-04-16T18:04:41.513175+00:00', '2026-04-19T18:04:41.513175+00:00'),
  ('b8521e0a-a941-4f37-9577-fa20f1afb406', 'PKE-2024-00053', '4dbfe6ad-8284-4b73-9bb5-105554f92fb6', '1ee784f9-10a9-4852-ae81-fbca3d91120a', 'WordPress Blog Setup for Schroeder-Roberson', 'Nature push individual fine American appear. Expect image style become light ok name. Data act resource past.', '414337.2600', '6215.0600', 'USD', 'COMPLETED', 3, 1, '2025-09-22T03:32:41.513738+00:00', '2025-08-06T03:32:41.513738+00:00', '2025-09-02T03:32:41.513738+00:00', NULL, '2025-08-05T03:32:41.513738+00:00', '2025-08-10T03:32:41.513738+00:00'),
  ('cf1ec986-67bf-4c46-830a-582d19aba853', 'PKE-2024-00054', '2bcafc3f-322a-46de-a2f4-e310a5695fb7', '4eee5935-6908-4cc9-a46c-736e719f927f', 'Shopify Store Customisation for Horton PLC', 'Occur up get bring probably serve certain. Standard avoid parent help.', '101621.8400', '1524.3300', 'EUR', 'PENDING_ACCEPTANCE', 2, 0, '2025-10-03T10:49:41.514178+00:00', NULL, NULL, NULL, '2025-09-23T10:49:41.514178+00:00', '2025-09-25T10:49:41.514178+00:00'),
  ('df6d10e6-7010-453d-a212-8bf142a7e689', 'PKE-2024-00055', '6e19daad-a7ba-4516-96fe-44adc8c98723', '8eadcf69-7f80-40fd-a595-8eee0899c906', 'Social Media Campaign for Miles-Mullins', 'Young project cut property among human. Write reach cell rate.', '213267.4600', '3199.0100', 'USD', 'PENDING_ACCEPTANCE', 2, 0, '2026-05-07T08:20:41.514410+00:00', NULL, NULL, NULL, '2026-04-19T08:20:41.514410+00:00', '2026-04-20T08:20:41.514410+00:00'),
  ('cb3181c8-2cfd-4610-ae86-5c51af8a2104', 'PKE-2024-00056', '62f239dc-ae35-4e77-a6dd-2c1f9419018f', '2bc1f037-5253-4bd8-80d1-d18a59fc3600', 'Translation Services for Jenkins Ltd', 'Fact material small program. Recent red history station. Could store brother weight push team.', '56243.9700', '843.6600', 'USD', 'DELIVERED', 5, 1, '2026-02-15T01:43:41.514861+00:00', '2025-12-11T01:43:41.514861+00:00', NULL, NULL, '2025-12-10T01:43:41.514861+00:00', '2025-12-13T01:43:41.514861+00:00'),
  ('a4b736fa-1e31-4171-b91b-2aecd4d09ca2', 'PKE-2024-00057', 'b70759ac-fb5d-4261-8d71-37b125921ab5', 'cd861fd9-0552-442e-9cf9-c30c3941a57f', 'Flutter App for Dawson-Tyler', 'North series require new. Risk responsibility poor. Sound always forward difference education anyone.', '480987.0600', '7214.8100', 'PKR', 'IN_PROGRESS', 5, 4, '2025-09-06T05:17:41.515117+00:00', '2025-08-08T05:17:41.515117+00:00', NULL, NULL, '2025-08-06T05:17:41.515117+00:00', '2025-08-07T05:17:41.515117+00:00'),
  ('9d492882-3cfb-4b75-89e6-1a63668cd94d', 'PKE-2024-00058', 'ef477e12-bd32-4a32-902b-268326241525', '2772ca7d-0d78-41b2-9f7d-cfc91b122400', 'React Dashboard for Delgado LLC', 'Commercial believe contain often admit unit. Assume hand up action.', '446221.8600', '6693.3300', 'PKR', 'COMPLETED', 3, 2, '2026-04-16T10:43:41.515449+00:00', '2026-03-14T10:43:41.515449+00:00', '2026-04-25T10:43:41.515449+00:00', NULL, '2026-03-11T10:43:41.515449+00:00', '2026-03-13T10:43:41.515449+00:00'),
  ('bea1c65b-a512-46fa-bd83-ce97ee45d4ee', 'PKE-2024-00059', '2b905960-78c7-42fe-8403-4bdf8b0eec2b', '1ee784f9-10a9-4852-ae81-fbca3d91120a', 'Social Media Campaign for Sandoval-Salazar', 'End again sit too. Career whom training too indeed firm public cut. Concern little recent professor argue American fear.', '366070.9200', '5491.0600', 'USD', 'FUNDED', 4, 4, '2025-09-22T18:30:41.515746+00:00', '2025-08-24T18:30:41.515746+00:00', NULL, NULL, '2025-08-21T18:30:41.515746+00:00', '2025-08-26T18:30:41.515746+00:00'),
  ('d6164d5d-a60c-44fb-a198-c5cf70cd21c0', 'PKE-2024-00060', 'ef477e12-bd32-4a32-902b-268326241525', '574a3b04-be48-4c98-9f22-974c6beb201a', 'Content Writing (10 Articles) for Oliver LLC', 'World else house tax play. Than fact pretty any leg next sport. Threat avoid section.', '298334.2600', '4475.0100', 'AED', 'COMPLETED', 4, 1, '2026-06-11T00:21:41.516103+00:00', '2026-05-11T00:21:41.516103+00:00', '2026-06-28T00:21:41.516103+00:00', NULL, '2026-05-10T00:21:41.516103+00:00', '2026-05-15T00:21:41.516103+00:00')
ON CONFLICT DO NOTHING;

-- ── contract_terms (──────────────────────────────)
INSERT INTO contract_terms (id, contract_id, file_format_req, revision_policy, communication_notes, late_penalty_pct) VALUES
  ('aeb372d5-f81f-48b1-855f-785bded9ab23', '5c6cb7a4-07c3-40fc-86ec-3cd54df324e5', 'PNG', 'Up to 4 revisions included within the agreed timeline.', 'Weekly Zoom calls for progress review.', '1.98'),
  ('9684e207-d620-4805-a3e6-f44eb260568e', 'deaeb3f5-65fa-4ad1-a3cf-24e893248794', 'XLSX, MP4, SVG', 'Up to 2 revisions included within the agreed timeline.', 'Email updates every 2 days.', '2.47'),
  ('45c17119-ba07-46df-8223-2eddb585a0a7', '836b9b1b-0534-4cde-b833-037219fa2d39', 'DOCX, XLSX, MP4, FIGMA', 'Up to 5 revisions included within the agreed timeline.', 'Async communication preferred — response within 24 hours.', '4.26'),
  ('12d60ff0-0310-48be-8a4d-c2abff72de31', '0e17094c-edae-4d60-9f23-8381e1f8edb5', 'PNG, SVG', 'Up to 2 revisions included within the agreed timeline.', 'Weekly Zoom calls for progress review.', '4.01'),
  ('ae0495d2-fed0-4016-bc10-a1b7dd2bb9c6', 'dab47fa3-b884-4a45-8299-ec1e05decc11', 'DOCX', 'Up to 4 revisions included within the agreed timeline.', 'Weekly Zoom calls for progress review.', '1.36'),
  ('f9dc65b0-ea64-40ab-b39d-9328b50e674d', '9993f595-0930-470e-b583-52c920f263f6', 'AI', 'Up to 4 revisions included within the agreed timeline.', 'Weekly Zoom calls for progress review.', '2.35'),
  ('ac30f65c-0875-4592-a59f-48034f8f7611', 'fec36306-7c9e-4835-a9a7-df168121a630', 'DOCX, XLSX', 'Up to 4 revisions included within the agreed timeline.', 'Email updates every 2 days.', '4.30'),
  ('61d8446b-d4be-4482-8ffc-d0a11c943d97', '5b5f42ff-fc07-4f59-805f-d0871fd28fbf', 'ZIP, SVG, MP4, PSD', 'Up to 5 revisions included within the agreed timeline.', 'Daily stand-up updates via Slack.', '0.97'),
  ('4fa35981-9cf5-4c26-92bf-488f45ccdc9c', 'f15c0fb8-1649-43a4-b0ec-0f17aee29c40', 'XLSX, DOCX, AI, PNG', 'Up to 4 revisions included within the agreed timeline.', 'Daily stand-up updates via Slack.', '4.35'),
  ('cb33f4ed-00a8-43ee-a620-f5f116c931ff', '34a1643f-4a8d-4f45-b568-b6d3e2cc3fca', 'SVG, PSD, PDF, PNG', 'Up to 2 revisions included within the agreed timeline.', 'Weekly Zoom calls for progress review.', '3.00'),
  ('8c22dacf-7036-47a8-8310-dcb63fabd100', '0905b974-5ebc-463d-bca7-e550416fca0e', 'XLSX, DOCX, PSD, SVG', 'Up to 5 revisions included within the agreed timeline.', 'All communication via WhatsApp only.', '0.87'),
  ('12d52114-1cd3-444f-a054-f29e46feb9db', '9c2ff257-71b8-476c-b19a-06cbc7bb3a15', 'MP4, SVG', 'Up to 4 revisions included within the agreed timeline.', 'Daily stand-up updates via Slack.', '4.67'),
  ('32f61671-17cd-4da1-8dd2-7978f033ad44', 'c05eb68c-3331-4cf5-9165-67cde632795a', 'PNG', 'Up to 2 revisions included within the agreed timeline.', 'Weekly Zoom calls for progress review.', '3.59'),
  ('3d8a8173-83a0-4739-84a9-1263f2d89837', 'b1ab1678-495e-46b4-ada7-f40c85d1ca50', 'FIGMA, MP4', 'Up to 2 revisions included within the agreed timeline.', 'Weekly Zoom calls for progress review.', '4.87'),
  ('14b13f3d-814b-44f8-9427-3a9f8cfc293c', '14a997cc-aa67-49f4-be4a-202c63f2e4ae', 'FIGMA, PSD', 'Up to 5 revisions included within the agreed timeline.', 'Weekly Zoom calls for progress review.', '0.37'),
  ('450a70dc-0d81-4ec2-af5c-67426a73441a', '0fe89578-611f-437f-ac46-18df6e79be0c', 'SVG, AI, PDF', 'Up to 4 revisions included within the agreed timeline.', 'Daily stand-up updates via Slack.', '2.13'),
  ('169e3185-81b0-4b0e-90d5-eb64ae1f9832', 'b42b19c8-2a92-4cd5-88ff-1fd5157b96c2', 'SVG', 'Up to 4 revisions included within the agreed timeline.', 'All communication via WhatsApp only.', '1.57'),
  ('e99521ae-432c-4bfc-b8b3-63cb324f0ab2', '2d3aa4b1-67c6-46cb-a0da-dbb4c2629119', 'AI, XLSX, DOCX', 'Up to 2 revisions included within the agreed timeline.', 'Daily stand-up updates via Slack.', '2.96'),
  ('999bb19a-916a-4e45-9a56-e998cc74de6e', '10f4c553-c7bd-4db4-928c-e0f1fae7774c', 'DOCX', 'Up to 3 revisions included within the agreed timeline.', 'Async communication preferred — response within 24 hours.', '4.01'),
  ('b3b45a09-3405-4c09-a113-dc24b61bf5ab', 'ff7af1c7-c875-4c63-8b53-464f3e5bdbe1', 'PSD, ZIP', 'Up to 5 revisions included within the agreed timeline.', 'All communication via WhatsApp only.', '2.01'),
  ('5a269af5-d83f-4127-9ac8-845e7a429998', '841e9a80-d1f1-4e4a-9924-002f06b2c2fb', 'PSD, DOCX', 'Up to 3 revisions included within the agreed timeline.', 'Weekly Zoom calls for progress review.', '0.38'),
  ('76ff33b8-c3a1-4f23-a7dc-7903782b16ec', 'a983ea86-fa13-4312-ba13-29b480fc2b77', 'XLSX, SVG, ZIP', 'Up to 4 revisions included within the agreed timeline.', 'Weekly Zoom calls for progress review.', '2.17'),
  ('1c1a3922-de16-40e8-a7aa-3072fefa2791', 'aad7f279-3724-480d-af60-ee2187f89cd5', 'PSD, AI', 'Up to 2 revisions included within the agreed timeline.', 'Async communication preferred — response within 24 hours.', '2.31'),
  ('fe9d86ca-e98f-4a40-8ce2-bfd6a10da28b', '93260462-f32f-48bd-b056-5899031fc2ec', 'PNG', 'Up to 5 revisions included within the agreed timeline.', 'Daily stand-up updates via Slack.', '2.55'),
  ('d02cf4c0-17b9-4dd3-8787-142481e69a1e', '47e17ac0-cc11-4ad0-b0fc-a28677fdc290', 'SVG, DOCX, AI', 'Up to 2 revisions included within the agreed timeline.', 'Async communication preferred — response within 24 hours.', '1.46'),
  ('e0c0e242-b582-4b18-9295-d3e85de95954', '1402b10c-787b-4391-9ea8-fd8df2b44e3b', 'DOCX, MP4, PDF, AI', 'Up to 2 revisions included within the agreed timeline.', 'Weekly Zoom calls for progress review.', '1.24'),
  ('236a9a52-deaf-4276-af41-61b10baedefb', 'c3db0986-d010-4c8b-ad92-8deb7f293a74', 'AI', 'Up to 5 revisions included within the agreed timeline.', 'All communication via WhatsApp only.', '1.93'),
  ('3d8c9e8d-d1b2-416c-bfa6-415a3fca995e', '2348c9f9-4cce-476c-825c-9ce8e5e882fa', 'DOCX, ZIP', 'Up to 2 revisions included within the agreed timeline.', 'Async communication preferred — response within 24 hours.', '3.44'),
  ('2bd5cf9a-d257-468d-8e78-45f30f2ff367', 'a4b10cd6-2ae4-4065-8eb6-1f1cf1516682', 'PDF, XLSX, PNG', 'Up to 3 revisions included within the agreed timeline.', 'Daily stand-up updates via Slack.', '2.35'),
  ('f29e7e91-f9dc-4ce6-972c-e14eae51a18a', '0061b55b-835b-4a93-96ff-7a2801ae89e3', 'PSD, XLSX', 'Up to 3 revisions included within the agreed timeline.', 'Daily stand-up updates via Slack.', '2.97'),
  ('0b85823a-4ea6-4610-b543-d78c0b3f3627', '2177949b-3c26-4fa4-8b38-c81a4b92bf71', 'SVG, MP4, PDF', 'Up to 4 revisions included within the agreed timeline.', 'Email updates every 2 days.', '2.42'),
  ('58587858-6b37-4365-8488-36d1e0c07c21', 'd5cea774-b673-4a0b-ad52-7a42ffe7b149', 'DOCX, AI, FIGMA', 'Up to 5 revisions included within the agreed timeline.', 'Daily stand-up updates via Slack.', '3.26'),
  ('69e2447c-d49d-42f1-a2e6-8fe8fb38218e', '92e71027-113c-4670-baae-40d8665aca09', 'SVG, ZIP', 'Up to 2 revisions included within the agreed timeline.', 'All communication via WhatsApp only.', '3.80'),
  ('3b264095-9d56-450b-ac59-53cbd6b86361', '9f597cb8-6be0-4367-b297-0f587d0106cf', 'XLSX, PSD, AI, FIGMA', 'Up to 3 revisions included within the agreed timeline.', 'Async communication preferred — response within 24 hours.', '2.46'),
  ('3f6026ba-6121-4875-bb71-d44e6cda5903', '9bd3d329-37c4-48f6-a859-1a61664b6774', 'XLSX, PNG, ZIP', 'Up to 3 revisions included within the agreed timeline.', 'Daily stand-up updates via Slack.', '0.23'),
  ('2948855d-dd33-4136-b073-8aea91dbb5da', 'b86c363e-8864-4528-93ab-f5a7a0bb5167', 'XLSX', 'Up to 2 revisions included within the agreed timeline.', 'All communication via WhatsApp only.', '1.24'),
  ('fedf1257-bd64-49c6-b6ae-f2746f45585d', '9dc277af-626c-46be-a2d5-cb1a4f86cfd9', 'PSD', 'Up to 4 revisions included within the agreed timeline.', 'Daily stand-up updates via Slack.', '2.26'),
  ('4363b97c-43c1-4af7-b77c-4396cd60395b', '34c7c66c-5b08-4213-9591-499b1c88629e', 'FIGMA, DOCX, PSD, PDF', 'Up to 3 revisions included within the agreed timeline.', 'All communication via WhatsApp only.', '0.44'),
  ('fee20297-db16-4846-b81d-613669a25148', '8d4dac2b-1032-42af-964b-75639c2913b5', 'FIGMA, XLSX, SVG, AI', 'Up to 5 revisions included within the agreed timeline.', 'Email updates every 2 days.', '4.44'),
  ('f4eb758c-c52f-4826-b316-dda946616e68', '5e456f0b-e2b4-4677-a04d-3e43595f1164', 'ZIP, XLSX, SVG', 'Up to 4 revisions included within the agreed timeline.', 'Weekly Zoom calls for progress review.', '3.37'),
  ('4c76cacd-750a-4b0c-944d-845519b62a40', 'ab76dac9-5052-41f6-8569-b000f8ac7f2e', 'SVG, PDF, XLSX, DOCX', 'Up to 2 revisions included within the agreed timeline.', 'Email updates every 2 days.', '4.50'),
  ('b5f05bbd-98f9-4779-bfcb-f3240d674b4a', 'be5e7934-fcf8-4e31-bb0f-86ce9548d895', 'FIGMA, PSD, DOCX, MP4', 'Up to 3 revisions included within the agreed timeline.', 'Async communication preferred — response within 24 hours.', '2.91'),
  ('e33219dc-9bac-41a5-a199-395b58732d20', 'da9cd23d-da56-4de4-9cb9-0248e7065639', 'PNG, PDF', 'Up to 5 revisions included within the agreed timeline.', 'Async communication preferred — response within 24 hours.', '2.72'),
  ('c24d0bf4-84c3-4c01-a40d-92407fd6f006', 'ab5447de-2306-4a61-9d31-44279dcbb769', 'PNG', 'Up to 4 revisions included within the agreed timeline.', 'Async communication preferred — response within 24 hours.', '3.48'),
  ('1076ffd4-7b1f-420b-a962-47ab99ac06d3', '652f7958-7017-4af6-9b48-1939cef9c686', 'FIGMA', 'Up to 5 revisions included within the agreed timeline.', 'Email updates every 2 days.', '2.86'),
  ('c4b34f73-7f48-4e0b-bcd5-e8cf6c55ccf8', '61e45fc3-4dff-4f12-b7ba-f88e1ae214fe', 'DOCX, PSD, AI', 'Up to 2 revisions included within the agreed timeline.', 'Daily stand-up updates via Slack.', '3.79'),
  ('243701b7-8d85-4580-bfee-e50a49918a65', '4e5aee71-5f60-4eca-b25e-f71d4b24ef25', 'MP4', 'Up to 4 revisions included within the agreed timeline.', 'Async communication preferred — response within 24 hours.', '0.38'),
  ('4ed71f19-d772-4cbc-ad16-17875162e467', '18eead22-ac29-47cb-8f6e-43bb8afca708', 'MP4, XLSX, SVG, AI', 'Up to 5 revisions included within the agreed timeline.', 'Async communication preferred — response within 24 hours.', '4.99'),
  ('be464aaf-65ab-4a4f-b642-cb156abb624c', 'fa357ca6-ac82-43d3-ba07-e86c88621032', 'DOCX, PDF', 'Up to 4 revisions included within the agreed timeline.', 'Email updates every 2 days.', '4.53'),
  ('459c8f7c-3f39-444b-a607-c9a3488b2aa7', '52233bdf-2155-42f6-a4b1-6a5113dd373f', 'PSD, AI', 'Up to 4 revisions included within the agreed timeline.', 'Daily stand-up updates via Slack.', '4.17')
ON CONFLICT DO NOTHING;
INSERT INTO contract_terms (id, contract_id, file_format_req, revision_policy, communication_notes, late_penalty_pct) VALUES
  ('74bebef3-25da-4ba4-9572-5df03e3b3929', '55da48b9-9150-4a34-86a6-13646c9b79e8', 'ZIP', 'Up to 4 revisions included within the agreed timeline.', 'Async communication preferred — response within 24 hours.', '0.28'),
  ('b1328d42-292d-443e-b3cc-e02627eed67c', '4ccef674-946f-4829-97c2-6b12f55ebb28', 'SVG', 'Up to 2 revisions included within the agreed timeline.', 'All communication via WhatsApp only.', '1.99'),
  ('a118fcec-1c69-4f82-a019-7d5619095a78', 'b8521e0a-a941-4f37-9577-fa20f1afb406', 'PSD, FIGMA', 'Up to 3 revisions included within the agreed timeline.', 'Weekly Zoom calls for progress review.', '3.50'),
  ('e2715ebe-9421-425d-838d-de24520e8dac', 'cf1ec986-67bf-4c46-830a-582d19aba853', 'PNG, MP4, FIGMA', 'Up to 2 revisions included within the agreed timeline.', 'Email updates every 2 days.', '0.59'),
  ('43b0c7b5-21f7-462b-aea4-dcf5abbedf95', 'df6d10e6-7010-453d-a212-8bf142a7e689', 'SVG, AI, ZIP', 'Up to 2 revisions included within the agreed timeline.', 'Async communication preferred — response within 24 hours.', '0.80'),
  ('2131cddc-b758-4286-b041-bc1e197987e0', 'cb3181c8-2cfd-4610-ae86-5c51af8a2104', 'ZIP, XLSX', 'Up to 5 revisions included within the agreed timeline.', 'All communication via WhatsApp only.', '4.97'),
  ('f4aff5c2-8a70-4b2d-a50d-0c2240eb59da', 'a4b736fa-1e31-4171-b91b-2aecd4d09ca2', 'ZIP, PSD', 'Up to 5 revisions included within the agreed timeline.', 'Email updates every 2 days.', '0.20'),
  ('7e6f6f67-e094-401d-b6d9-dc9e4a5af872', '9d492882-3cfb-4b75-89e6-1a63668cd94d', 'PNG, SVG, PDF', 'Up to 3 revisions included within the agreed timeline.', 'Weekly Zoom calls for progress review.', '1.10'),
  ('d58eeca2-acfe-4b35-a6a1-438166039a59', 'bea1c65b-a512-46fa-bd83-ce97ee45d4ee', 'PSD, ZIP, AI', 'Up to 4 revisions included within the agreed timeline.', 'Daily stand-up updates via Slack.', '0.19'),
  ('948a7659-61e3-4de2-8272-d71accc426f3', 'd6164d5d-a60c-44fb-a198-c5cf70cd21c0', 'DOCX', 'Up to 4 revisions included within the agreed timeline.', 'All communication via WhatsApp only.', '4.63')
ON CONFLICT DO NOTHING;

-- ── payments (────────────────────────────────────)
INSERT INTO payments (id, contract_id, user_id, amount, gateway_code, status, direction, created_at) VALUES
  ('2a6ec7f6-8fbd-4898-be60-cd7003c50729', '5c6cb7a4-07c3-40fc-86ec-3cd54df324e5', '2b905960-78c7-42fe-8403-4bdf8b0eec2b', '75697.2800', 'JAZZCASH', 'SUCCESS', 'DEPOSIT', '2026-01-18T20:38:41.478989+00:00'),
  ('69a60558-77b3-4235-aab8-c1ef74480ba4', 'deaeb3f5-65fa-4ad1-a3cf-24e893248794', '70e83877-9476-47e6-8eb5-1b148b5f6748', '465155.5400', 'EASYPAISA', 'SUCCESS', 'DEPOSIT', '2025-07-29T20:29:41.479880+00:00'),
  ('5b9e7ecf-9b93-4105-8796-164d2d3f4141', '836b9b1b-0534-4cde-b833-037219fa2d39', '2018990f-2b56-4b13-af0a-d8377a2e6e04', '9169.9800', 'BANK_TRANSFER', 'SUCCESS', 'DEPOSIT', '2026-05-15T07:27:41.480644+00:00'),
  ('0119748c-dfa2-4be9-95bc-1d663a216f48', '0e17094c-edae-4d60-9f23-8381e1f8edb5', '2bcafc3f-322a-46de-a2f4-e310a5695fb7', '451241.4200', 'JAZZCASH', 'SUCCESS', 'DEPOSIT', '2026-04-09T17:59:41.481213+00:00'),
  ('59a8e762-1b9d-4c33-9d90-2d245d7350b7', 'dab47fa3-b884-4a45-8299-ec1e05decc11', '2b905960-78c7-42fe-8403-4bdf8b0eec2b', '329962.2500', 'EASYPAISA', 'SUCCESS', 'DEPOSIT', '2025-12-15T21:26:41.481909+00:00'),
  ('a5993424-72bc-4f89-bc23-f38552a89792', '9993f595-0930-470e-b583-52c920f263f6', '8ab19e94-bdbd-4a2e-a50f-3855a8a6ed5b', '372641.8600', 'JAZZCASH', 'SUCCESS', 'DEPOSIT', '2025-12-12T13:29:41.482495+00:00'),
  ('768eb7b2-ff76-4e76-a70c-616936e0939c', '9993f595-0930-470e-b583-52c920f263f6', '30e4ba01-2eb5-4df4-b3a0-04069742e7e9', '367052.2300', 'BANK_TRANSFER', 'SUCCESS', 'RELEASE', '2026-01-02T13:29:41.482495+00:00'),
  ('58358fe8-d8a3-43c2-a559-a61be2b60a47', 'fec36306-7c9e-4835-a9a7-df168121a630', '70e83877-9476-47e6-8eb5-1b148b5f6748', '175163.2400', 'HBL', 'SUCCESS', 'DEPOSIT', '2025-10-08T03:22:41.483241+00:00'),
  ('1d297082-52c5-42a1-8b44-d5edc52fd114', 'fec36306-7c9e-4835-a9a7-df168121a630', '70e83877-9476-47e6-8eb5-1b148b5f6748', '175163.2400', 'HBL', 'REFUNDED', 'REFUND', '2025-10-20T15:22:41.483241+00:00'),
  ('aaa1d99e-0317-4059-9af5-ab7116bd8ab8', 'f15c0fb8-1649-43a4-b0ec-0f17aee29c40', 'ef477e12-bd32-4a32-902b-268326241525', '304018.0000', 'JAZZCASH', 'SUCCESS', 'DEPOSIT', '2025-10-29T07:07:41.484138+00:00'),
  ('627c046e-0c5b-412e-bffa-adaf5a63da7a', 'f15c0fb8-1649-43a4-b0ec-0f17aee29c40', 'ea90d380-53f1-4dd3-9543-fa30b45df102', '299457.7300', 'BANK_TRANSFER', 'SUCCESS', 'RELEASE', '2025-11-17T07:07:41.484138+00:00'),
  ('ffe8a9a5-1974-46a7-8767-d5c9cf77f7f9', 'c05eb68c-3331-4cf5-9165-67cde632795a', '8ab19e94-bdbd-4a2e-a50f-3855a8a6ed5b', '474939.1600', 'JAZZCASH', 'SUCCESS', 'DEPOSIT', '2025-12-23T08:21:41.486515+00:00'),
  ('77ce6dba-182c-45d8-a282-2aa595ce581e', '14a997cc-aa67-49f4-be4a-202c63f2e4ae', '2018990f-2b56-4b13-af0a-d8377a2e6e04', '226858.4200', 'HBL', 'SUCCESS', 'DEPOSIT', '2025-10-20T01:19:41.487607+00:00'),
  ('9716fcec-d5e5-4274-9ce0-3a9344a48b3a', '0fe89578-611f-437f-ac46-18df6e79be0c', '4dbfe6ad-8284-4b73-9bb5-105554f92fb6', '277831.7100', 'BANK_TRANSFER', 'SUCCESS', 'DEPOSIT', '2025-08-22T21:49:41.488161+00:00'),
  ('b04aa848-208d-472a-b4dd-6fcdc57c191c', '0fe89578-611f-437f-ac46-18df6e79be0c', 'e6012de9-d583-4b01-a7a8-b1da27138cfd', '273664.2300', 'BANK_TRANSFER', 'SUCCESS', 'RELEASE', '2025-10-12T21:49:41.488161+00:00'),
  ('7e6ee0ed-7e69-4ca4-bd49-ce6d84bfc30e', 'b42b19c8-2a92-4cd5-88ff-1fd5157b96c2', '2b905960-78c7-42fe-8403-4bdf8b0eec2b', '427622.7900', 'EASYPAISA', 'SUCCESS', 'DEPOSIT', '2025-12-30T15:02:41.488902+00:00'),
  ('6bebdbe5-1b0f-4d7b-a520-6edb9988c801', '2d3aa4b1-67c6-46cb-a0da-dbb4c2629119', '4dbfe6ad-8284-4b73-9bb5-105554f92fb6', '434524.5200', 'EASYPAISA', 'SUCCESS', 'DEPOSIT', '2025-12-13T15:52:41.489443+00:00'),
  ('3e10b4cb-c3b3-4425-acf4-adadfeb79454', '10f4c553-c7bd-4db4-928c-e0f1fae7774c', 'bed888e4-dd5c-4414-b749-f4a6630fe115', '343881.0800', 'JAZZCASH', 'SUCCESS', 'DEPOSIT', '2026-01-18T04:34:41.490172+00:00'),
  ('07024cd8-d148-49a9-8fe5-79588e5ec364', '10f4c553-c7bd-4db4-928c-e0f1fae7774c', 'e6012de9-d583-4b01-a7a8-b1da27138cfd', '338722.8600', 'BANK_TRANSFER', 'SUCCESS', 'RELEASE', '2026-03-03T04:34:41.490172+00:00'),
  ('d8e6de7e-29e2-4745-9cec-d311ff2d7bb7', 'ff7af1c7-c875-4c63-8b53-464f3e5bdbe1', '4dbfe6ad-8284-4b73-9bb5-105554f92fb6', '292867.8700', 'EASYPAISA', 'SUCCESS', 'DEPOSIT', '2025-12-08T21:52:41.490707+00:00'),
  ('9ccbc094-6e3a-4690-83fb-76cfe753ba94', 'ff7af1c7-c875-4c63-8b53-464f3e5bdbe1', '58ad4cd5-b2da-44c4-baaa-c0f44c3d570a', '288474.8500', 'BANK_TRANSFER', 'SUCCESS', 'RELEASE', '2026-01-28T21:52:41.490707+00:00'),
  ('7357b7fd-e170-4210-98d1-bb610b699b12', '841e9a80-d1f1-4e4a-9924-002f06b2c2fb', '62f239dc-ae35-4e77-a6dd-2c1f9419018f', '268634.5500', 'EASYPAISA', 'SUCCESS', 'DEPOSIT', '2026-01-28T12:23:41.491134+00:00'),
  ('e9972220-8a6a-43b9-8a6f-99ab581cdbd6', '841e9a80-d1f1-4e4a-9924-002f06b2c2fb', '62f239dc-ae35-4e77-a6dd-2c1f9419018f', '268634.5500', 'EASYPAISA', 'REFUNDED', 'REFUND', '2026-02-01T15:23:41.491134+00:00'),
  ('67383fd6-e46e-4a88-b8c9-3c5e294843aa', 'a983ea86-fa13-4312-ba13-29b480fc2b77', '70e83877-9476-47e6-8eb5-1b148b5f6748', '185231.9800', 'JAZZCASH', 'SUCCESS', 'DEPOSIT', '2025-12-30T02:31:41.491535+00:00'),
  ('27735f0b-e1b6-4dd9-94df-1d91a9d043cd', 'aad7f279-3724-480d-af60-ee2187f89cd5', 'a425f6e8-8420-44f8-9e21-3f65520cd42d', '204653.3400', 'HBL', 'SUCCESS', 'DEPOSIT', '2025-10-28T20:39:41.491934+00:00'),
  ('a6067c6f-f61a-432b-8700-3fd78f5f47ed', '93260462-f32f-48bd-b056-5899031fc2ec', '428a2e37-d6b6-4557-87c7-17e8eaa04973', '177414.7000', 'HBL', 'SUCCESS', 'DEPOSIT', '2025-11-16T01:24:41.492724+00:00'),
  ('efde6525-4e6d-428f-9d58-cb2ac94e247e', '47e17ac0-cc11-4ad0-b0fc-a28677fdc290', '2bcafc3f-322a-46de-a2f4-e310a5695fb7', '63336.8700', 'BANK_TRANSFER', 'SUCCESS', 'DEPOSIT', '2025-10-04T22:58:41.493159+00:00'),
  ('4dd2e555-f211-466f-bc06-1354426e1a98', '1402b10c-787b-4391-9ea8-fd8df2b44e3b', '70e83877-9476-47e6-8eb5-1b148b5f6748', '196487.8100', 'HBL', 'SUCCESS', 'DEPOSIT', '2025-12-16T23:44:41.493555+00:00'),
  ('392caccc-e874-440d-96fa-100ca3e734b9', 'c3db0986-d010-4c8b-ad92-8deb7f293a74', '6e19daad-a7ba-4516-96fe-44adc8c98723', '299936.1200', 'EASYPAISA', 'SUCCESS', 'DEPOSIT', '2026-05-13T04:08:41.494173+00:00'),
  ('e1e6e596-f598-48f5-9b39-84f922a78583', 'c3db0986-d010-4c8b-ad92-8deb7f293a74', '6e19daad-a7ba-4516-96fe-44adc8c98723', '299936.1200', 'EASYPAISA', 'REFUNDED', 'REFUND', '2026-05-27T09:08:41.494173+00:00'),
  ('f9585dc1-ffb6-4328-bb55-b22e0760fc80', '2348c9f9-4cce-476c-825c-9ce8e5e882fa', '18613aee-03ee-4059-a67a-45dd3d32d28a', '395008.4600', 'EASYPAISA', 'SUCCESS', 'DEPOSIT', '2025-10-06T15:22:41.494719+00:00'),
  ('2be73636-0937-446f-9551-7c6aa529f423', '2348c9f9-4cce-476c-825c-9ce8e5e882fa', '39f4db77-1552-4c4b-8e3c-7add3e63dbc7', '389083.3300', 'BANK_TRANSFER', 'SUCCESS', 'RELEASE', '2025-11-24T15:22:41.494719+00:00'),
  ('2bda76d6-aafe-4c5e-88c7-de40cb52c429', 'a4b10cd6-2ae4-4065-8eb6-1f1cf1516682', 'ef477e12-bd32-4a32-902b-268326241525', '113233.2400', 'HBL', 'SUCCESS', 'DEPOSIT', '2026-04-26T16:59:41.495332+00:00'),
  ('61896ad3-9bb9-48de-9943-37e685b77285', '0061b55b-835b-4a93-96ff-7a2801ae89e3', '9aadaf6b-8894-426a-8531-3fdbaaeb5fd0', '171241.9400', 'HBL', 'SUCCESS', 'DEPOSIT', '2026-03-12T13:19:41.496069+00:00'),
  ('5587f1c4-5620-4453-bd1a-dd2859d15eea', '2177949b-3c26-4fa4-8b38-c81a4b92bf71', '6e19daad-a7ba-4516-96fe-44adc8c98723', '31675.7200', 'JAZZCASH', 'SUCCESS', 'DEPOSIT', '2025-08-07T00:06:41.496791+00:00'),
  ('d071d7c8-f49d-4277-8a06-3cf90264e880', 'd5cea774-b673-4a0b-ad52-7a42ffe7b149', 'b70759ac-fb5d-4261-8d71-37b125921ab5', '127915.7500', 'JAZZCASH', 'SUCCESS', 'DEPOSIT', '2025-11-16T19:34:41.497489+00:00'),
  ('fea784d0-6f94-4a0e-b378-84e75e388eea', '92e71027-113c-4670-baae-40d8665aca09', '2bcafc3f-322a-46de-a2f4-e310a5695fb7', '297851.7900', 'JAZZCASH', 'SUCCESS', 'DEPOSIT', '2025-08-05T07:28:41.498008+00:00'),
  ('651c2244-ed30-478d-a793-cc45e3d03793', '92e71027-113c-4670-baae-40d8665aca09', '2bcafc3f-322a-46de-a2f4-e310a5695fb7', '297851.7900', 'JAZZCASH', 'REFUNDED', 'REFUND', '2025-08-16T19:28:41.498008+00:00'),
  ('e82e7eeb-7114-4f87-a265-4fe4de4112b0', '9f597cb8-6be0-4367-b297-0f587d0106cf', '428a2e37-d6b6-4557-87c7-17e8eaa04973', '473896.1500', 'EASYPAISA', 'SUCCESS', 'DEPOSIT', '2026-04-10T02:27:41.498760+00:00'),
  ('23fd856e-9e7c-4562-839a-8638a4841d8a', '9f597cb8-6be0-4367-b297-0f587d0106cf', 'a76e8f1a-1b5a-406d-9242-6292c3e1af56', '466787.7100', 'BANK_TRANSFER', 'SUCCESS', 'RELEASE', '2026-06-01T02:27:41.498760+00:00'),
  ('a3ff82bc-0933-4c90-b776-0b674dcf6760', '9bd3d329-37c4-48f6-a859-1a61664b6774', '6e19daad-a7ba-4516-96fe-44adc8c98723', '18240.0500', 'JAZZCASH', 'SUCCESS', 'DEPOSIT', '2026-03-11T12:26:41.499477+00:00'),
  ('ea0a40ef-4dbb-43bf-9f58-5c7f5d2245ae', '9bd3d329-37c4-48f6-a859-1a61664b6774', '6e19daad-a7ba-4516-96fe-44adc8c98723', '18240.0500', 'JAZZCASH', 'REFUNDED', 'REFUND', '2026-03-17T03:26:41.499477+00:00'),
  ('f26edeff-17fe-40a4-bab0-c4b0e2b01632', 'b86c363e-8864-4528-93ab-f5a7a0bb5167', '18613aee-03ee-4059-a67a-45dd3d32d28a', '178315.4500', 'BANK_TRANSFER', 'SUCCESS', 'DEPOSIT', '2025-10-02T13:09:41.501349+00:00'),
  ('a3c7bdcc-9c10-4cca-aef4-e63129ad145b', '9dc277af-626c-46be-a2d5-cb1a4f86cfd9', 'a425f6e8-8420-44f8-9e21-3f65520cd42d', '400185.8500', 'JAZZCASH', 'SUCCESS', 'DEPOSIT', '2025-09-12T12:37:41.502127+00:00'),
  ('8acb00cb-c927-472b-a060-46f1e0047376', '9dc277af-626c-46be-a2d5-cb1a4f86cfd9', 'c31cb78f-e21f-4a84-957e-67958fdf321a', '394183.0600', 'BANK_TRANSFER', 'SUCCESS', 'RELEASE', '2025-09-20T12:37:41.502127+00:00'),
  ('5b71383a-9bd0-4df7-90fd-bf7b22638b45', '34c7c66c-5b08-4213-9591-499b1c88629e', '62f239dc-ae35-4e77-a6dd-2c1f9419018f', '128886.6500', 'EASYPAISA', 'SUCCESS', 'DEPOSIT', '2026-04-25T13:15:41.502737+00:00'),
  ('c9d8da25-233f-4de7-9579-7eb857861ffa', '34c7c66c-5b08-4213-9591-499b1c88629e', 'cd861fd9-0552-442e-9cf9-c30c3941a57f', '126953.3500', 'BANK_TRANSFER', 'SUCCESS', 'RELEASE', '2026-05-22T13:15:41.502737+00:00'),
  ('134d5312-1489-4f1b-8a4b-3b2e4b86fc72', '8d4dac2b-1032-42af-964b-75639c2913b5', 'bed888e4-dd5c-4414-b749-f4a6630fe115', '218721.4800', 'BANK_TRANSFER', 'SUCCESS', 'DEPOSIT', '2026-02-06T14:13:41.503318+00:00'),
  ('46b00318-31f3-49c2-89e8-0a82cd3c8469', '5e456f0b-e2b4-4677-a04d-3e43595f1164', 'a425f6e8-8420-44f8-9e21-3f65520cd42d', '124405.3700', 'EASYPAISA', 'SUCCESS', 'DEPOSIT', '2025-12-20T13:52:41.505044+00:00'),
  ('b64ac405-9d5e-4ad9-aadf-e2d3d2816ae4', '5e456f0b-e2b4-4677-a04d-3e43595f1164', '42c52773-f8ae-4373-af38-827b571ace67', '122539.2900', 'BANK_TRANSFER', 'SUCCESS', 'RELEASE', '2026-01-02T13:52:41.505044+00:00')
ON CONFLICT DO NOTHING;
INSERT INTO payments (id, contract_id, user_id, amount, gateway, status, direction, created_at) VALUES
  ('511b5f6d-4956-4d2b-ba78-f7f87b2c616c', 'ab76dac9-5052-41f6-8569-b000f8ac7f2e', 'a425f6e8-8420-44f8-9e21-3f65520cd42d', '235077.2600', 'EASYPAISA', 'SUCCESS', 'DEPOSIT', '2026-04-01T14:41:41.505497+00:00'),
  ('4bb7eafd-eec6-454f-b056-4e6e3fdb36ff', 'be5e7934-fcf8-4e31-bb0f-86ce9548d895', 'bed888e4-dd5c-4414-b749-f4a6630fe115', '60515.0000', 'JAZZCASH', 'SUCCESS', 'DEPOSIT', '2026-04-09T17:22:41.505923+00:00'),
  ('4231363a-b62c-4794-a864-cfdd34314765', 'be5e7934-fcf8-4e31-bb0f-86ce9548d895', 'bed888e4-dd5c-4414-b749-f4a6630fe115', '60515.0000', 'JAZZCASH', 'REFUNDED', 'RELEASE', '2026-04-16T01:22:41.505923+00:00'),
  ('62051fb8-50e9-435a-836e-c1411e3bf0f3', 'da9cd23d-da56-4de4-9cb9-0248e7065639', 'b70759ac-fb5d-4261-8d71-37b125921ab5', '222764.4900', 'HBL', 'SUCCESS', 'DEPOSIT', '2026-01-17T05:52:41.506653+00:00'),
  ('b8dddc37-1d3a-4c78-a126-ed56c2415b97', 'ab5447de-2306-4a61-9d31-44279dcbb769', '8ab19e94-bdbd-4a2e-a50f-3855a8a6ed5b', '352408.3100', 'JAZZCASH', 'SUCCESS', 'DEPOSIT', '2026-04-10T05:53:41.507273+00:00'),
  ('88424577-35d3-4285-8672-ec02adf04b3c', '652f7958-7017-4af6-9b48-1939cef9c686', '2018990f-2b56-4b13-af0a-d8377a2e6e04', '445427.6200', 'EASYPAISA', 'SUCCESS', 'DEPOSIT', '2026-05-10T04:18:41.507902+00:00'),
  ('9b9992a4-cc76-40ae-8424-7228c9a38831', '61e45fc3-4dff-4f12-b7ba-f88e1ae214fe', '8ab19e94-bdbd-4a2e-a50f-3855a8a6ed5b', '31456.1800', 'EASYPAISA', 'SUCCESS', 'DEPOSIT', '2026-02-06T19:51:41.508989+00:00'),
  ('7d09182d-67de-406b-b212-ffc2e2b4ea38', '4e5aee71-5f60-4eca-b25e-f71d4b24ef25', '62f239dc-ae35-4e77-a6dd-2c1f9419018f', '17452.0000', 'HBL', 'SUCCESS', 'DEPOSIT', '2025-12-06T04:54:41.509731+00:00'),
  ('cc58d3d6-a827-42e4-a9e2-5239efb9bd46', '18eead22-ac29-47cb-8f6e-43bb8afca708', '9aadaf6b-8894-426a-8531-3fdbaaeb5fd0', '311771.8100', 'HBL', 'SUCCESS', 'DEPOSIT', '2025-11-27T05:24:41.510471+00:00'),
  ('42c714fa-fa5f-4eb5-a6d0-01ab3007f59e', 'fa357ca6-ac82-43d3-ba07-e86c88621032', '2018990f-2b56-4b13-af0a-d8377a2e6e04', '271479.2000', 'JAZZCASH', 'SUCCESS', 'DEPOSIT', '2026-04-13T19:08:41.511242+00:00'),
  ('302ba488-c4c6-4f40-9152-32c98b7c509a', 'fa357ca6-ac82-43d3-ba07-e86c88621032', '6872ee47-6643-4718-b09f-4476d930b48c', '267407.0100', 'BANK_TRANSFER', 'SUCCESS', 'RELEASE', '2026-06-12T19:08:41.511242+00:00'),
  ('573d4e30-ce9a-42a9-bd73-05303f38b442', '52233bdf-2155-42f6-a4b1-6a5113dd373f', '18613aee-03ee-4059-a67a-45dd3d32d28a', '59650.4100', 'JAZZCASH', 'SUCCESS', 'DEPOSIT', '2025-07-27T18:42:41.511992+00:00'),
  ('cbc28d4b-9a15-411b-b0dc-581a44dbd4e0', '55da48b9-9150-4a34-86a6-13646c9b79e8', 'bed888e4-dd5c-4414-b749-f4a6630fe115', '63092.8500', 'BANK_TRANSFER', 'SUCCESS', 'DEPOSIT', '2026-03-01T20:56:41.512774+00:00'),
  ('c33b924a-9a09-44e5-87f8-13b13f09bc50', '4ccef674-946f-4829-97c2-6b12f55ebb28', '428a2e37-d6b6-4557-87c7-17e8eaa04973', '31654.4700', 'HBL', 'SUCCESS', 'DEPOSIT', '2026-04-18T18:04:41.513175+00:00'),
  ('91471d17-1560-42d1-9122-d1b7cc3c0188', '4ccef674-946f-4829-97c2-6b12f55ebb28', '6872ee47-6643-4718-b09f-4476d930b48c', '31179.6500', 'BANK_TRANSFER', 'SUCCESS', 'RELEASE', '2026-05-02T18:04:41.513175+00:00'),
  ('976a80f1-a5f5-4a4d-94e9-1fc4ac768788', 'b8521e0a-a941-4f37-9577-fa20f1afb406', '4dbfe6ad-8284-4b73-9bb5-105554f92fb6', '414337.2600', 'JAZZCASH', 'SUCCESS', 'DEPOSIT', '2025-08-06T03:32:41.513738+00:00'),
  ('fa276988-edc9-40e6-a393-c60c91abac39', 'b8521e0a-a941-4f37-9577-fa20f1afb406', '1ee784f9-10a9-4852-ae81-fbca3d91120a', '408122.2000', 'BANK_TRANSFER', 'SUCCESS', 'RELEASE', '2025-09-02T03:32:41.513738+00:00'),
  ('32ea874d-5f6c-4155-85fb-3654072e54ef', 'cb3181c8-2cfd-4610-ae86-5c51af8a2104', '62f239dc-ae35-4e77-a6dd-2c1f9419018f', '56243.9700', 'HBL', 'SUCCESS', 'DEPOSIT', '2025-12-11T01:43:41.514861+00:00'),
  ('2cca448f-fc78-4c6c-84cc-04e08b45c931', 'a4b736fa-1e31-4171-b91b-2aecd4d09ca2', 'b70759ac-fb5d-4261-8d71-37b125921ab5', '480987.0600', 'HBL', 'SUCCESS', 'DEPOSIT', '2025-08-08T05:17:41.515117+00:00'),
  ('f789288b-1ced-4dc0-b904-3e78b70ba2de', '9d492882-3cfb-4b75-89e6-1a63668cd94d', 'ef477e12-bd32-4a32-902b-268326241525', '446221.8600', 'EASYPAISA', 'SUCCESS', 'DEPOSIT', '2026-03-14T10:43:41.515449+00:00'),
  ('e9b0ed35-2db0-41c2-8600-0a7a07ca36d0', '9d492882-3cfb-4b75-89e6-1a63668cd94d', '2772ca7d-0d78-41b2-9f7d-cfc91b122400', '439528.5300', 'BANK_TRANSFER', 'SUCCESS', 'RELEASE', '2026-04-25T10:43:41.515449+00:00'),
  ('c89e5dad-d84c-40a5-a8e1-b783475c01e4', 'bea1c65b-a512-46fa-bd83-ce97ee45d4ee', '2b905960-78c7-42fe-8403-4bdf8b0eec2b', '366070.9200', 'BANK_TRANSFER', 'SUCCESS', 'DEPOSIT', '2025-08-24T18:30:41.515746+00:00'),
  ('cbf97c08-a222-47ce-9f0b-d49616fd7da4', 'd6164d5d-a60c-44fb-a198-c5cf70cd21c0', 'ef477e12-bd32-4a32-902b-268326241525', '298334.2600', 'JAZZCASH', 'SUCCESS', 'DEPOSIT', '2026-05-11T00:21:41.516103+00:00'),
  ('df505e61-b8e7-447c-8cb1-99a2add729b1', 'd6164d5d-a60c-44fb-a198-c5cf70cd21c0', '574a3b04-be48-4c98-9f22-974c6beb201a', '293859.2500', 'BANK_TRANSFER', 'SUCCESS', 'RELEASE', '2026-06-28T00:21:41.516103+00:00'),
  ('05bb1bd6-35d3-4cad-bed5-b18b386ffebe', '5e456f0b-e2b4-4677-a04d-3e43595f1164', '42c52773-f8ae-4373-af38-827b571ace67', '12873.2400', 'EASYPAISA', 'SUCCESS', 'WITHDRAWAL', '2026-05-04T01:35:09.527735+00:00'),
  ('26c2dd36-b053-4106-9d64-11ef433015b4', '0fe89578-611f-437f-ac46-18df6e79be0c', 'e6012de9-d583-4b01-a7a8-b1da27138cfd', '24856.3900', 'EASYPAISA', 'SUCCESS', 'WITHDRAWAL', '2026-04-02T15:24:09.527860+00:00'),
  ('c64ec7ee-c27d-4543-b13b-4e6e73be4e2a', 'ff7af1c7-c875-4c63-8b53-464f3e5bdbe1', '58ad4cd5-b2da-44c4-baaa-c0f44c3d570a', '43849.2200', 'EASYPAISA', 'SUCCESS', 'WITHDRAWAL', '2026-05-09T08:33:09.527932+00:00'),
  ('682c74af-9d09-4e1b-9c93-856687bbfd7d', '4ccef674-946f-4829-97c2-6b12f55ebb28', '6872ee47-6643-4718-b09f-4476d930b48c', '27712.5800', 'JAZZCASH', 'PENDING', 'WITHDRAWAL', '2026-03-27T15:48:09.527980+00:00'),
  ('b9fc382b-2749-4f6b-b655-b541a8a0e83a', 'd6164d5d-a60c-44fb-a198-c5cf70cd21c0', '574a3b04-be48-4c98-9f22-974c6beb201a', '26868.7700', 'JAZZCASH', 'SUCCESS', 'WITHDRAWAL', '2026-05-16T15:28:09.528023+00:00'),
  ('cba8ca47-9aec-427b-9618-9df61467aa06', '2348c9f9-4cce-476c-825c-9ce8e5e882fa', '39f4db77-1552-4c4b-8e3c-7add3e63dbc7', '14634.1800', 'EASYPAISA', 'SUCCESS', 'WITHDRAWAL', '2026-04-22T17:06:09.528062+00:00')
ON CONFLICT DO NOTHING;

-- ── milestones (──────────────────────────────────)
INSERT INTO milestones (id, contract_id, title, amount, sequence, status, due_date, funded_at, released_at) VALUES
  ('c92b7d7a-8586-4b92-bf71-58c1cbb59a71', '5c6cb7a4-07c3-40fc-86ec-3cd54df324e5', 'Keyword Research', '28386.4800', 1, 'APPROVED', '2026-02-03T20:38:41.478989+00:00', '2026-01-18T20:38:41.478989+00:00', '2026-02-02T20:38:41.478989+00:00'),
  ('02c84d70-6f1b-4fa5-8afd-eb9d8c7edd2c', '5c6cb7a4-07c3-40fc-86ec-3cd54df324e5', 'On-Page SEO', '47310.8000', 2, 'DELIVERED', '2026-02-05T20:38:41.478989+00:00', '2026-01-20T20:38:41.478989+00:00', NULL),
  ('e4d84312-6cbc-4ccb-a016-a163897dc6f4', 'deaeb3f5-65fa-4ad1-a3cf-24e893248794', 'Logo Concepts', '206735.8000', 1, 'APPROVED', '2025-08-08T20:29:41.479880+00:00', '2025-07-29T20:29:41.479880+00:00', '2025-08-13T20:29:41.479880+00:00'),
  ('1ed610be-f6e5-46d0-b859-e5cf268f60fe', 'deaeb3f5-65fa-4ad1-a3cf-24e893248794', 'Revision Round 1', '258419.7400', 2, 'DELIVERED', '2025-08-12T20:29:41.479880+00:00', '2025-07-31T20:29:41.479880+00:00', NULL),
  ('9fa5fe24-137e-4300-9c7f-8af64b893377', '836b9b1b-0534-4cde-b833-037219fa2d39', 'Keyword Research', '3438.7400', 1, 'IN_PROGRESS', '2026-05-23T07:27:41.480644+00:00', '2026-05-15T07:27:41.480644+00:00', NULL),
  ('3be03d9d-b4f9-47c1-8786-27b007ab2c78', '836b9b1b-0534-4cde-b833-037219fa2d39', 'On-Page SEO', '5731.2400', 2, 'PENDING', '2026-06-02T07:27:41.480644+00:00', '2026-05-17T07:27:41.480644+00:00', NULL),
  ('510b6434-0b85-475e-9df3-16ab1283c28e', '0e17094c-edae-4d60-9f23-8381e1f8edb5', 'Logo Concepts', '150413.8100', 1, 'PENDING', '2026-04-17T17:59:41.481213+00:00', '2026-04-09T17:59:41.481213+00:00', NULL),
  ('10c3a3ec-2657-4f2a-95b4-4ee8e6c8ba54', '0e17094c-edae-4d60-9f23-8381e1f8edb5', 'Revision Round 1', '120331.0500', 2, 'PENDING', '2026-05-19T17:59:41.481213+00:00', '2026-04-11T17:59:41.481213+00:00', NULL),
  ('a8b11c32-4ee5-4f40-8fd4-d051e5426b4c', '0e17094c-edae-4d60-9f23-8381e1f8edb5', 'Brand Guidelines', '30082.7600', 3, 'PENDING', '2026-05-24T17:59:41.481213+00:00', '2026-04-13T17:59:41.481213+00:00', NULL),
  ('07e2de69-e7e2-47a8-8b09-a4a80b2244ba', '0e17094c-edae-4d60-9f23-8381e1f8edb5', 'Final Package', '150413.8000', 4, 'DISPUTED', '2026-06-20T17:59:41.481213+00:00', '2026-04-15T17:59:41.481213+00:00', NULL),
  ('12505c94-2328-4595-bd94-cac4e2b16caa', 'dab47fa3-b884-4a45-8299-ec1e05decc11', 'Research & Strategy', '149982.8400', 1, 'DELIVERED', '2025-12-26T21:26:41.481909+00:00', '2025-12-15T21:26:41.481909+00:00', NULL),
  ('7351a7be-618e-467d-8e21-556d1e29c317', 'dab47fa3-b884-4a45-8299-ec1e05decc11', 'Content Draft', '29996.5700', 2, 'PENDING', '2025-12-31T21:26:41.481909+00:00', '2025-12-17T21:26:41.481909+00:00', NULL),
  ('3206ffd7-1938-4f4e-881f-40b4c60facc8', 'dab47fa3-b884-4a45-8299-ec1e05decc11', 'Revisions', '149982.8400', 3, 'PENDING', '2026-02-01T21:26:41.481909+00:00', '2025-12-19T21:26:41.481909+00:00', NULL),
  ('54f06fe6-b825-42fe-9822-573f760f1926', '9993f595-0930-470e-b583-52c920f263f6', 'Database Design', '133086.3800', 1, 'APPROVED', '2025-12-29T13:29:41.482495+00:00', '2025-12-12T13:29:41.482495+00:00', '2026-01-02T13:29:41.482495+00:00'),
  ('a38a7216-4e31-44a7-8bf5-b8c18b9045cd', '9993f595-0930-470e-b583-52c920f263f6', 'Backend APIs', '26617.2800', 2, 'APPROVED', '2026-01-05T13:29:41.482495+00:00', '2025-12-14T13:29:41.482495+00:00', '2026-01-12T13:29:41.482495+00:00'),
  ('e237fb0f-e92f-4d4b-ba04-a78cc4cdb1ba', '9993f595-0930-470e-b583-52c920f263f6', 'Frontend Integration', '79851.8300', 3, 'APPROVED', '2026-02-04T13:29:41.482495+00:00', '2025-12-16T13:29:41.482495+00:00', '2026-01-01T13:29:41.482495+00:00'),
  ('89f7599d-ea9a-489a-b53d-11fc655e764a', '9993f595-0930-470e-b583-52c920f263f6', 'Deployment', '133086.3700', 4, 'APPROVED', '2026-01-25T13:29:41.482495+00:00', '2025-12-18T13:29:41.482495+00:00', '2025-12-27T13:29:41.482495+00:00'),
  ('b88ac60c-aa17-4317-98e5-0f8676f6643f', 'f15c0fb8-1649-43a4-b0ec-0f17aee29c40', 'Requirements & Wireframes', '168898.8900', 1, 'APPROVED', '2025-11-19T07:07:41.484138+00:00', '2025-10-29T07:07:41.484138+00:00', '2025-11-28T07:07:41.484138+00:00'),
  ('a15c506a-ad1a-417e-bbbc-e5db387811f3', 'f15c0fb8-1649-43a4-b0ec-0f17aee29c40', 'UI Design', '67559.5600', 2, 'APPROVED', '2025-12-06T07:07:41.484138+00:00', '2025-10-31T07:07:41.484138+00:00', '2025-11-26T07:07:41.484138+00:00'),
  ('b676190d-03d1-4fed-956c-eb5b0616c17c', 'f15c0fb8-1649-43a4-b0ec-0f17aee29c40', 'Development', '67559.5500', 3, 'APPROVED', '2025-12-31T07:07:41.484138+00:00', '2025-11-02T07:07:41.484138+00:00', '2025-11-27T07:07:41.484138+00:00'),
  ('20e11fb3-02bf-4e6b-941d-f9f86a5cd82c', 'c05eb68c-3331-4cf5-9165-67cde632795a', 'Research & Strategy', '67848.4500', 1, 'DELIVERED', '2026-01-10T08:21:41.486515+00:00', '2025-12-23T08:21:41.486515+00:00', NULL),
  ('89175a98-c536-40f6-86e3-ec5b8861a267', 'c05eb68c-3331-4cf5-9165-67cde632795a', 'Content Draft', '67848.4500', 2, 'PENDING', '2026-01-06T08:21:41.486515+00:00', '2025-12-25T08:21:41.486515+00:00', NULL),
  ('7633d5e6-a00c-4e6b-a55f-cc927e842701', 'c05eb68c-3331-4cf5-9165-67cde632795a', 'Revisions', '339242.2600', 3, 'PENDING', '2026-02-24T08:21:41.486515+00:00', '2025-12-27T08:21:41.486515+00:00', NULL),
  ('5546011b-086f-4682-9106-169bab9181d3', '14a997cc-aa67-49f4-be4a-202c63f2e4ae', 'Logo Concepts', '151238.9500', 1, 'DELIVERED', '2025-11-06T01:19:41.487607+00:00', '2025-10-20T01:19:41.487607+00:00', NULL),
  ('122f1f4c-6c6b-4ed8-a41b-89f37f5e99ea', '14a997cc-aa67-49f4-be4a-202c63f2e4ae', 'Revision Round 1', '75619.4700', 2, 'PENDING', '2025-11-11T01:19:41.487607+00:00', '2025-10-22T01:19:41.487607+00:00', NULL),
  ('73f457a9-55b0-4654-a3ff-7b7c6d00d99a', '0fe89578-611f-437f-ac46-18df6e79be0c', 'Scope Definition', '111132.6800', 1, 'APPROVED', '2025-09-02T21:49:41.488161+00:00', '2025-08-22T21:49:41.488161+00:00', '2025-09-21T21:49:41.488161+00:00'),
  ('52767f3c-6fbe-4254-9b03-ec7bf32f776b', '0fe89578-611f-437f-ac46-18df6e79be0c', 'Sprint 1', '27783.1700', 2, 'APPROVED', '2025-09-11T21:49:41.488161+00:00', '2025-08-24T21:49:41.488161+00:00', '2025-09-07T21:49:41.488161+00:00'),
  ('b87015e3-bb6c-454f-9bf8-dbec681f2ad9', '0fe89578-611f-437f-ac46-18df6e79be0c', 'Sprint 2', '27783.1700', 3, 'APPROVED', '2025-10-18T21:49:41.488161+00:00', '2025-08-26T21:49:41.488161+00:00', '2025-09-04T21:49:41.488161+00:00'),
  ('2365f6cc-1fac-44e1-9e97-80c10600f3a3', '0fe89578-611f-437f-ac46-18df6e79be0c', 'Handover & Docs', '111132.6900', 4, 'APPROVED', '2025-11-06T21:49:41.488161+00:00', '2025-08-28T21:49:41.488161+00:00', '2025-09-14T21:49:41.488161+00:00'),
  ('d4d3f345-9a07-4e63-a40e-a8960d3879be', 'b42b19c8-2a92-4cd5-88ff-1fd5157b96c2', 'Concept & Mood Board', '61088.9700', 1, 'APPROVED', '2026-01-17T15:02:41.488902+00:00', '2025-12-30T15:02:41.488902+00:00', '2026-01-14T15:02:41.488902+00:00'),
  ('d94ea718-d20d-4b66-a6b9-332699ba4d0c', 'b42b19c8-2a92-4cd5-88ff-1fd5157b96c2', 'Initial Design', '61088.9700', 2, 'APPROVED', '2026-02-06T15:02:41.488902+00:00', '2026-01-01T15:02:41.488902+00:00', '2026-01-16T15:02:41.488902+00:00'),
  ('39e6f6a4-3004-41b6-8765-e9a23c7d593a', 'b42b19c8-2a92-4cd5-88ff-1fd5157b96c2', 'Revision Round', '305444.8500', 3, 'DELIVERED', '2026-02-19T15:02:41.488902+00:00', '2026-01-03T15:02:41.488902+00:00', NULL),
  ('ebbf0de8-0c7a-44f2-a634-f959846c3283', '2d3aa4b1-67c6-46cb-a0da-dbb4c2629119', 'Script Writing', '72420.7500', 1, 'IN_PROGRESS', '2025-12-26T15:52:41.489443+00:00', '2025-12-13T15:52:41.489443+00:00', NULL),
  ('59ae347a-1c22-45f0-9252-05a91b7ff2cc', '2d3aa4b1-67c6-46cb-a0da-dbb4c2629119', 'Raw Edit', '72420.7500', 2, 'PENDING', '2026-01-10T15:52:41.489443+00:00', '2025-12-15T15:52:41.489443+00:00', NULL),
  ('c4d987a8-8a2b-4c38-bfa8-795b1804ff79', '2d3aa4b1-67c6-46cb-a0da-dbb4c2629119', 'Colour Grade', '108631.1300', 3, 'PENDING', '2026-02-11T15:52:41.489443+00:00', '2025-12-17T15:52:41.489443+00:00', NULL),
  ('60d1080a-fb01-467e-9271-df341fb23c49', '2d3aa4b1-67c6-46cb-a0da-dbb4c2629119', 'Final Export', '181051.8900', 4, 'PENDING', '2026-02-11T15:52:41.489443+00:00', '2025-12-19T15:52:41.489443+00:00', NULL),
  ('ac52e9d7-e456-458a-b69b-b8f8700fa41f', '10f4c553-c7bd-4db4-928c-e0f1fae7774c', 'Keyword Research', '171940.5400', 1, 'APPROVED', '2026-02-03T04:34:41.490172+00:00', '2026-01-18T04:34:41.490172+00:00', '2026-02-04T04:34:41.490172+00:00'),
  ('8acab2ca-aaf9-4a76-9c34-cd2d93240f91', '10f4c553-c7bd-4db4-928c-e0f1fae7774c', 'On-Page SEO', '171940.5400', 2, 'APPROVED', '2026-02-19T04:34:41.490172+00:00', '2026-01-20T04:34:41.490172+00:00', '2026-02-15T04:34:41.490172+00:00'),
  ('2cd9d08d-9c66-4385-a77e-492d7cdd14f2', 'ff7af1c7-c875-4c63-8b53-464f3e5bdbe1', 'Scope Definition', '97622.6200', 1, 'APPROVED', '2025-12-26T21:52:41.490707+00:00', '2025-12-08T21:52:41.490707+00:00', '2025-12-30T21:52:41.490707+00:00'),
  ('4475c364-460e-4d33-9255-b98b225cbe75', 'ff7af1c7-c875-4c63-8b53-464f3e5bdbe1', 'Sprint 1', '162704.3700', 2, 'APPROVED', '2026-01-19T21:52:41.490707+00:00', '2025-12-10T21:52:41.490707+00:00', '2025-12-23T21:52:41.490707+00:00'),
  ('907b1fd8-a633-40b7-a870-b4ff5246e45a', 'ff7af1c7-c875-4c63-8b53-464f3e5bdbe1', 'Sprint 2', '32540.8800', 3, 'APPROVED', '2026-01-19T21:52:41.490707+00:00', '2025-12-12T21:52:41.490707+00:00', '2025-12-31T21:52:41.490707+00:00'),
  ('00ebb7e0-1e17-4013-9202-282d39a36b41', 'a983ea86-fa13-4312-ba13-29b480fc2b77', 'Requirements & Wireframes', '154359.9800', 1, 'DELIVERED', '2026-01-06T02:31:41.491535+00:00', '2025-12-30T02:31:41.491535+00:00', NULL),
  ('3b8876a1-5256-435a-950e-06ed1146b5c5', 'a983ea86-fa13-4312-ba13-29b480fc2b77', 'UI Design', '30872.0000', 2, 'PENDING', '2026-02-04T02:31:41.491535+00:00', '2026-01-01T02:31:41.491535+00:00', NULL),
  ('5befad45-2654-470e-8add-57b1d4ec9331', 'aad7f279-3724-480d-af60-ee2187f89cd5', 'Keyword Research', '62970.2600', 1, 'IN_PROGRESS', '2025-11-13T20:39:41.491934+00:00', '2025-10-28T20:39:41.491934+00:00', NULL),
  ('391cac96-e717-44bd-ba1f-45deb2b3e406', 'aad7f279-3724-480d-af60-ee2187f89cd5', 'On-Page SEO', '47227.6900', 2, 'PENDING', '2025-12-07T20:39:41.491934+00:00', '2025-10-30T20:39:41.491934+00:00', NULL),
  ('6a121192-7e54-401b-82e1-d8716b688c16', 'aad7f279-3724-480d-af60-ee2187f89cd5', 'Off-Page SEO', '15742.5600', 3, 'PENDING', '2025-11-30T20:39:41.491934+00:00', '2025-11-01T20:39:41.491934+00:00', NULL),
  ('d2abcb89-a45e-4ab2-b018-19ff67aa2b7c', 'aad7f279-3724-480d-af60-ee2187f89cd5', 'Report & Handover', '78712.8300', 4, 'PENDING', '2025-12-07T20:39:41.491934+00:00', '2025-11-03T20:39:41.491934+00:00', NULL),
  ('a397ab11-f6d1-466d-9c9f-e6c56b0f77f8', '93260462-f32f-48bd-b056-5899031fc2ec', 'Concept & Mood Board', '106448.8200', 1, 'PENDING', '2025-12-06T01:24:41.492724+00:00', '2025-11-16T01:24:41.492724+00:00', NULL),
  ('71e88128-3fc0-41de-b67c-a0e1540260fd', '93260462-f32f-48bd-b056-5899031fc2ec', 'Initial Design', '70965.8800', 2, 'DISPUTED', '2025-12-10T01:24:41.492724+00:00', '2025-11-18T01:24:41.492724+00:00', NULL),
  ('78f71b1e-bb95-4633-99f8-fd4dd1d453ee', '47e17ac0-cc11-4ad0-b0fc-a28677fdc290', 'Logo Concepts', '28789.4900', 1, 'APPROVED', '2025-10-16T22:58:41.493159+00:00', '2025-10-04T22:58:41.493159+00:00', '2025-10-19T22:58:41.493159+00:00')
ON CONFLICT DO NOTHING;
INSERT INTO milestones (id, contract_id, title, amount, sequence, status, due_date, funded_at, released_at) VALUES
  ('d6192336-5aff-4dc8-b26e-3332aac7fa9a', '47e17ac0-cc11-4ad0-b0fc-a28677fdc290', 'Revision Round 1', '17273.6900', 2, 'APPROVED', '2025-10-24T22:58:41.493159+00:00', '2025-10-06T22:58:41.493159+00:00', '2025-10-21T22:58:41.493159+00:00'),
  ('b18f7fd2-c2f7-496e-8a97-558115b8be34', '47e17ac0-cc11-4ad0-b0fc-a28677fdc290', 'Brand Guidelines', '17273.6900', 3, 'DELIVERED', '2025-11-15T22:58:41.493159+00:00', '2025-10-08T22:58:41.493159+00:00', NULL),
  ('56ee386b-f476-42bd-a350-a06e39678a33', '1402b10c-787b-4391-9ea8-fd8df2b44e3b', 'Database Design', '49121.9500', 1, 'PENDING', '2026-01-05T23:44:41.493555+00:00', '2025-12-16T23:44:41.493555+00:00', NULL),
  ('93415707-59cb-47fb-9973-b7fa4ac37a71', '1402b10c-787b-4391-9ea8-fd8df2b44e3b', 'Backend APIs', '16373.9800', 2, 'PENDING', '2026-01-11T23:44:41.493555+00:00', '2025-12-18T23:44:41.493555+00:00', NULL),
  ('8d11ab1b-77fc-4f2d-8c18-9cd5617ac631', '1402b10c-787b-4391-9ea8-fd8df2b44e3b', 'Frontend Integration', '65495.9400', 3, 'PENDING', '2026-01-24T23:44:41.493555+00:00', '2025-12-20T23:44:41.493555+00:00', NULL),
  ('27b1baf5-2529-4e41-a6d6-9bd8ee21d02b', '1402b10c-787b-4391-9ea8-fd8df2b44e3b', 'Deployment', '65495.9400', 4, 'DISPUTED', '2026-02-26T23:44:41.493555+00:00', '2025-12-22T23:44:41.493555+00:00', NULL),
  ('fad7aebf-e9ba-4581-91b1-f835d0a504aa', '2348c9f9-4cce-476c-825c-9ce8e5e882fa', 'Concept & Mood Board', '49376.0600', 1, 'APPROVED', '2025-10-22T15:22:41.494719+00:00', '2025-10-06T15:22:41.494719+00:00', '2025-10-24T15:22:41.494719+00:00'),
  ('cd2853af-8c7d-4953-9cbf-b296fdee9826', '2348c9f9-4cce-476c-825c-9ce8e5e882fa', 'Initial Design', '197504.2300', 2, 'APPROVED', '2025-10-20T15:22:41.494719+00:00', '2025-10-08T15:22:41.494719+00:00', '2025-11-07T15:22:41.494719+00:00'),
  ('9c9820ee-6508-44a6-8627-8f27c18c5156', '2348c9f9-4cce-476c-825c-9ce8e5e882fa', 'Revision Round', '148128.1700', 3, 'APPROVED', '2025-11-14T15:22:41.494719+00:00', '2025-10-10T15:22:41.494719+00:00', '2025-11-05T15:22:41.494719+00:00'),
  ('5139f863-4e9e-4f11-8cbc-40184885762a', 'a4b10cd6-2ae4-4065-8eb6-1f1cf1516682', 'Database Design', '33969.9700', 1, 'APPROVED', '2026-05-14T16:59:41.495332+00:00', '2026-04-26T16:59:41.495332+00:00', '2026-05-11T16:59:41.495332+00:00'),
  ('fb79295b-c733-4463-a5dd-7ccffe714121', 'a4b10cd6-2ae4-4065-8eb6-1f1cf1516682', 'Backend APIs', '45293.3000', 2, 'APPROVED', '2026-05-18T16:59:41.495332+00:00', '2026-04-28T16:59:41.495332+00:00', '2026-05-13T16:59:41.495332+00:00'),
  ('3e2cedc3-5f83-41e5-b2f2-c99a64149ded', 'a4b10cd6-2ae4-4065-8eb6-1f1cf1516682', 'Frontend Integration', '33969.9700', 3, 'DELIVERED', '2026-06-13T16:59:41.495332+00:00', '2026-04-30T16:59:41.495332+00:00', NULL),
  ('515763e5-4860-4ad4-8aaf-a7b99a0155ca', '0061b55b-835b-4a93-96ff-7a2801ae89e3', 'Script Writing', '57080.6500', 1, 'PENDING', '2026-03-19T13:19:41.496069+00:00', '2026-03-12T13:19:41.496069+00:00', NULL),
  ('f2663844-b661-4cd3-bfec-04557e14d13b', '0061b55b-835b-4a93-96ff-7a2801ae89e3', 'Raw Edit', '85620.9700', 2, 'PENDING', '2026-03-28T13:19:41.496069+00:00', '2026-03-14T13:19:41.496069+00:00', NULL),
  ('16d70e1a-752c-4be4-acb8-4117b6611f39', '0061b55b-835b-4a93-96ff-7a2801ae89e3', 'Colour Grade', '28540.3200', 3, 'DISPUTED', '2026-05-11T13:19:41.496069+00:00', '2026-03-16T13:19:41.496069+00:00', NULL),
  ('20e72418-e277-4d36-be5a-9d82fa8195da', '2177949b-3c26-4fa4-8b38-c81a4b92bf71', 'Keyword Research', '5279.2900', 1, 'APPROVED', '2025-08-20T00:06:41.496791+00:00', '2025-08-07T00:06:41.496791+00:00', '2025-08-22T00:06:41.496791+00:00'),
  ('195cff76-0cbc-4d69-b105-d0c3d255d7f0', '2177949b-3c26-4fa4-8b38-c81a4b92bf71', 'On-Page SEO', '26396.4300', 2, 'DELIVERED', '2025-09-02T00:06:41.496791+00:00', '2025-08-09T00:06:41.496791+00:00', NULL),
  ('12960450-ce8c-46fa-95f0-efb7fb5ce556', 'd5cea774-b673-4a0b-ad52-7a42ffe7b149', 'Logo Concepts', '46514.8200', 1, 'APPROVED', '2025-11-28T19:34:41.497489+00:00', '2025-11-16T19:34:41.497489+00:00', '2025-12-01T19:34:41.497489+00:00'),
  ('2f9e5674-8ddd-459d-9f89-24b4dc38accc', 'd5cea774-b673-4a0b-ad52-7a42ffe7b149', 'Revision Round 1', '46514.8200', 2, 'APPROVED', '2025-12-04T19:34:41.497489+00:00', '2025-11-18T19:34:41.497489+00:00', '2025-12-03T19:34:41.497489+00:00'),
  ('a4a55670-40d2-4f25-88b6-6efcc80a4e2d', 'd5cea774-b673-4a0b-ad52-7a42ffe7b149', 'Brand Guidelines', '34886.1100', 3, 'DELIVERED', '2025-12-31T19:34:41.497489+00:00', '2025-11-20T19:34:41.497489+00:00', NULL),
  ('493a9919-db21-4bfd-a2e9-d427ac5ea650', '9f597cb8-6be0-4367-b297-0f587d0106cf', 'Scope Definition', '189558.4600', 1, 'APPROVED', '2026-04-26T02:27:41.498760+00:00', '2026-04-10T02:27:41.498760+00:00', '2026-04-30T02:27:41.498760+00:00'),
  ('0cf18038-91ef-4aea-b681-c441ba85ac92', '9f597cb8-6be0-4367-b297-0f587d0106cf', 'Sprint 1', '189558.4600', 2, 'APPROVED', '2026-04-28T02:27:41.498760+00:00', '2026-04-12T02:27:41.498760+00:00', '2026-04-24T02:27:41.498760+00:00'),
  ('868e075b-5ed3-4ffb-9413-0f4fcef36055', '9f597cb8-6be0-4367-b297-0f587d0106cf', 'Sprint 2', '94779.2300', 3, 'APPROVED', '2026-05-28T02:27:41.498760+00:00', '2026-04-14T02:27:41.498760+00:00', '2026-05-07T02:27:41.498760+00:00'),
  ('ece1a658-e623-47e5-8756-453c698419b3', 'b86c363e-8864-4528-93ab-f5a7a0bb5167', 'Keyword Research', '89157.7300', 1, 'PENDING', '2025-10-18T13:09:41.501349+00:00', '2025-10-02T13:09:41.501349+00:00', NULL),
  ('766f933a-7a7a-4d5d-995d-1e4d3aa0b0f7', 'b86c363e-8864-4528-93ab-f5a7a0bb5167', 'On-Page SEO', '89157.7200', 2, 'PENDING', '2025-10-24T13:09:41.501349+00:00', '2025-10-04T13:09:41.501349+00:00', NULL),
  ('79d8ff8a-6e4a-4eaa-af12-97db537cc246', '9dc277af-626c-46be-a2d5-cb1a4f86cfd9', 'Script Writing', '145522.1300', 1, 'APPROVED', '2025-10-03T12:37:41.502127+00:00', '2025-09-12T12:37:41.502127+00:00', '2025-09-19T12:37:41.502127+00:00'),
  ('dae59097-c438-472f-8e7d-e499b15e4f99', '9dc277af-626c-46be-a2d5-cb1a4f86cfd9', 'Raw Edit', '181902.6600', 2, 'APPROVED', '2025-10-16T12:37:41.502127+00:00', '2025-09-14T12:37:41.502127+00:00', '2025-10-01T12:37:41.502127+00:00'),
  ('6eade643-6edd-4925-9a85-e3781c311e30', '9dc277af-626c-46be-a2d5-cb1a4f86cfd9', 'Colour Grade', '36380.5300', 3, 'APPROVED', '2025-10-30T12:37:41.502127+00:00', '2025-09-16T12:37:41.502127+00:00', '2025-10-16T12:37:41.502127+00:00'),
  ('e1e8eb03-a0e2-4ac8-a012-b29b6f3b0bb4', '9dc277af-626c-46be-a2d5-cb1a4f86cfd9', 'Final Export', '36380.5300', 4, 'APPROVED', '2025-12-05T12:37:41.502127+00:00', '2025-09-18T12:37:41.502127+00:00', '2025-10-14T12:37:41.502127+00:00'),
  ('465b6adf-ebd5-4a0a-9975-2bb13b8a1d20', '34c7c66c-5b08-4213-9591-499b1c88629e', 'Scope Definition', '85924.4300', 1, 'APPROVED', '2026-05-11T13:15:41.502737+00:00', '2026-04-25T13:15:41.502737+00:00', '2026-05-09T13:15:41.502737+00:00'),
  ('3ac78060-c3e8-474b-be8f-46f6ff808ccf', '34c7c66c-5b08-4213-9591-499b1c88629e', 'Sprint 1', '42962.2200', 2, 'APPROVED', '2026-05-19T13:15:41.502737+00:00', '2026-04-27T13:15:41.502737+00:00', '2026-05-17T13:15:41.502737+00:00'),
  ('fc45ad7b-2dfe-4646-ba69-7eb2260945d8', '8d4dac2b-1032-42af-964b-75639c2913b5', 'Research & Strategy', '156229.6300', 1, 'APPROVED', '2026-02-23T14:13:41.503318+00:00', '2026-02-06T14:13:41.503318+00:00', '2026-02-21T14:13:41.503318+00:00'),
  ('322ea16a-8ffe-4fda-851e-40232a8ef021', '8d4dac2b-1032-42af-964b-75639c2913b5', 'Content Draft', '31245.9300', 2, 'APPROVED', '2026-03-04T14:13:41.503318+00:00', '2026-02-08T14:13:41.503318+00:00', '2026-02-23T14:13:41.503318+00:00'),
  ('90c57c34-fb05-4ddb-a338-ded4d64431c9', '8d4dac2b-1032-42af-964b-75639c2913b5', 'Revisions', '31245.9200', 3, 'DELIVERED', '2026-04-07T14:13:41.503318+00:00', '2026-02-10T14:13:41.503318+00:00', NULL),
  ('897eebd5-3d91-4696-9b79-2b8015fad851', '5e456f0b-e2b4-4677-a04d-3e43595f1164', 'Logo Concepts', '62202.6800', 1, 'APPROVED', '2026-01-08T13:52:41.505044+00:00', '2025-12-20T13:52:41.505044+00:00', '2025-12-30T13:52:41.505044+00:00'),
  ('3f8ce2f9-ac35-4243-8d64-ce68511d5564', '5e456f0b-e2b4-4677-a04d-3e43595f1164', 'Revision Round 1', '62202.6900', 2, 'APPROVED', '2026-01-25T13:52:41.505044+00:00', '2025-12-22T13:52:41.505044+00:00', '2026-01-01T13:52:41.505044+00:00'),
  ('1ed94bfc-b4a0-41a5-b55f-31e4a0e3c869', 'ab76dac9-5052-41f6-8569-b000f8ac7f2e', 'Research & Strategy', '67164.9300', 1, 'APPROVED', '2026-04-20T14:41:41.505497+00:00', '2026-04-01T14:41:41.505497+00:00', '2026-04-16T14:41:41.505497+00:00'),
  ('2b819757-62ab-4817-b8cb-e9ac089ed471', 'ab76dac9-5052-41f6-8569-b000f8ac7f2e', 'Content Draft', '100747.4000', 2, 'APPROVED', '2026-05-13T14:41:41.505497+00:00', '2026-04-03T14:41:41.505497+00:00', '2026-04-18T14:41:41.505497+00:00'),
  ('c34f6d36-ce30-41c4-b2a2-59222906eca8', 'ab76dac9-5052-41f6-8569-b000f8ac7f2e', 'Revisions', '67164.9300', 3, 'DELIVERED', '2026-05-10T14:41:41.505497+00:00', '2026-04-05T14:41:41.505497+00:00', NULL),
  ('a3d6b902-40cb-4a01-8534-c3e80d1934d5', 'da9cd23d-da56-4de4-9cb9-0248e7065639', 'Logo Concepts', '69613.9000', 1, 'APPROVED', '2026-02-01T05:52:41.506653+00:00', '2026-01-17T05:52:41.506653+00:00', '2026-02-01T05:52:41.506653+00:00'),
  ('4336c230-a699-4570-b3e7-5117fc6cca54', 'da9cd23d-da56-4de4-9cb9-0248e7065639', 'Revision Round 1', '55691.1200', 2, 'APPROVED', '2026-02-12T05:52:41.506653+00:00', '2026-01-19T05:52:41.506653+00:00', '2026-02-03T05:52:41.506653+00:00'),
  ('3b3db8d4-f815-4eda-9920-9b5c7a08fe44', 'da9cd23d-da56-4de4-9cb9-0248e7065639', 'Brand Guidelines', '69613.9000', 3, 'APPROVED', '2026-03-06T05:52:41.506653+00:00', '2026-01-21T05:52:41.506653+00:00', '2026-02-05T05:52:41.506653+00:00'),
  ('1639b026-7323-4e83-973b-bc9efec4cd6f', 'da9cd23d-da56-4de4-9cb9-0248e7065639', 'Final Package', '27845.5700', 4, 'DELIVERED', '2026-04-03T05:52:41.506653+00:00', '2026-01-23T05:52:41.506653+00:00', NULL),
  ('72103ca5-e65d-4b97-8b59-567a949bfdf8', 'ab5447de-2306-4a61-9d31-44279dcbb769', 'Research & Strategy', '41459.8000', 1, 'PENDING', '2026-04-26T05:53:41.507273+00:00', '2026-04-10T05:53:41.507273+00:00', NULL),
  ('12775a0c-fd80-4007-ab9e-9f1831a3c047', 'ab5447de-2306-4a61-9d31-44279dcbb769', 'Content Draft', '103649.5000', 2, 'PENDING', '2026-05-10T05:53:41.507273+00:00', '2026-04-12T05:53:41.507273+00:00', NULL),
  ('0abd0d6b-47f1-41be-b3de-0eb330deb7bb', 'ab5447de-2306-4a61-9d31-44279dcbb769', 'Revisions', '103649.5000', 3, 'PENDING', '2026-05-22T05:53:41.507273+00:00', '2026-04-14T05:53:41.507273+00:00', NULL),
  ('8363cb16-c8ca-4abd-8e71-10aa0c02d731', 'ab5447de-2306-4a61-9d31-44279dcbb769', 'Final Delivery', '103649.5100', 4, 'PENDING', '2026-05-20T05:53:41.507273+00:00', '2026-04-16T05:53:41.507273+00:00', NULL),
  ('22c1d0a2-f155-4584-9775-cba1421bd9cf', '652f7958-7017-4af6-9b48-1939cef9c686', 'Requirements & Wireframes', '148475.8700', 1, 'IN_PROGRESS', '2026-05-17T04:18:41.507902+00:00', '2026-05-10T04:18:41.507902+00:00', NULL),
  ('97984b5d-fe4b-47f8-ab52-624db50441fe', '652f7958-7017-4af6-9b48-1939cef9c686', 'UI Design', '148475.8700', 2, 'PENDING', '2026-06-03T04:18:41.507902+00:00', '2026-05-12T04:18:41.507902+00:00', NULL),
  ('8dfee925-6e57-44b3-a9f5-dd19ce2dbd2d', '652f7958-7017-4af6-9b48-1939cef9c686', 'Development', '148475.8800', 3, 'PENDING', '2026-07-03T04:18:41.507902+00:00', '2026-05-14T04:18:41.507902+00:00', NULL)
ON CONFLICT DO NOTHING;
INSERT INTO milestones (id, contract_id, title, amount, sequence, status, due_date, funded_at, released_at) VALUES
  ('976c8878-8d3d-4d86-9075-3e0715dd52d2', '61e45fc3-4dff-4f12-b7ba-f88e1ae214fe', 'Logo Concepts', '22468.7000', 1, 'PENDING', '2026-02-20T19:51:41.508989+00:00', '2026-02-06T19:51:41.508989+00:00', NULL),
  ('41994339-4265-4aca-b1d7-77939a95bba2', '61e45fc3-4dff-4f12-b7ba-f88e1ae214fe', 'Revision Round 1', '8987.4800', 2, 'DISPUTED', '2026-03-10T19:51:41.508989+00:00', '2026-02-08T19:51:41.508989+00:00', NULL),
  ('192035f0-d1d1-4d70-bb3a-32a3153199d1', '4e5aee71-5f60-4eca-b25e-f71d4b24ef25', 'Keyword Research', '5132.9400', 1, 'PENDING', '2025-12-21T04:54:41.509731+00:00', '2025-12-06T04:54:41.509731+00:00', NULL),
  ('b1dda198-cdd3-4726-ba76-81b2cc4441dc', '4e5aee71-5f60-4eca-b25e-f71d4b24ef25', 'On-Page SEO', '3079.7600', 2, 'PENDING', '2025-12-28T04:54:41.509731+00:00', '2025-12-08T04:54:41.509731+00:00', NULL),
  ('117cfa6a-486b-48be-a9e4-4e07acb7bef9', '4e5aee71-5f60-4eca-b25e-f71d4b24ef25', 'Off-Page SEO', '4106.3500', 3, 'PENDING', '2026-01-05T04:54:41.509731+00:00', '2025-12-10T04:54:41.509731+00:00', NULL),
  ('12ee28bc-212a-4f06-a56f-a34d6d6f7643', '4e5aee71-5f60-4eca-b25e-f71d4b24ef25', 'Report & Handover', '5132.9500', 4, 'DISPUTED', '2026-01-11T04:54:41.509731+00:00', '2025-12-12T04:54:41.509731+00:00', NULL),
  ('8530be56-993a-48ce-869f-795e57a17423', '18eead22-ac29-47cb-8f6e-43bb8afca708', 'Concept & Mood Board', '155885.9000', 1, 'IN_PROGRESS', '2025-12-07T05:24:41.510471+00:00', '2025-11-27T05:24:41.510471+00:00', NULL),
  ('53a3b249-1c53-4a16-9db6-16c69521a330', '18eead22-ac29-47cb-8f6e-43bb8afca708', 'Initial Design', '155885.9100', 2, 'PENDING', '2025-12-21T05:24:41.510471+00:00', '2025-11-29T05:24:41.510471+00:00', NULL),
  ('b36ab353-28d5-4675-b1d6-af4b11788cc9', 'fa357ca6-ac82-43d3-ba07-e86c88621032', 'Logo Concepts', '123399.6400', 1, 'APPROVED', '2026-04-21T19:08:41.511242+00:00', '2026-04-13T19:08:41.511242+00:00', '2026-05-09T19:08:41.511242+00:00'),
  ('df4264bb-e0c2-4d4f-8755-f28f881765a7', 'fa357ca6-ac82-43d3-ba07-e86c88621032', 'Revision Round 1', '49359.8500', 2, 'APPROVED', '2026-05-13T19:08:41.511242+00:00', '2026-04-15T19:08:41.511242+00:00', '2026-04-26T19:08:41.511242+00:00'),
  ('10ff8860-9b63-4e72-b445-f9c2a51d7cd2', 'fa357ca6-ac82-43d3-ba07-e86c88621032', 'Brand Guidelines', '74039.7800', 3, 'APPROVED', '2026-05-28T19:08:41.511242+00:00', '2026-04-17T19:08:41.511242+00:00', '2026-05-03T19:08:41.511242+00:00'),
  ('ff4d92a7-b70a-4baf-bf35-9a1c3d341c86', 'fa357ca6-ac82-43d3-ba07-e86c88621032', 'Final Package', '24679.9300', 4, 'APPROVED', '2026-05-31T19:08:41.511242+00:00', '2026-04-19T19:08:41.511242+00:00', '2026-05-16T19:08:41.511242+00:00'),
  ('760f41ae-485b-432b-aab7-806dc8681c7b', '52233bdf-2155-42f6-a4b1-6a5113dd373f', 'Concept & Mood Board', '37281.5100', 1, 'PENDING', '2025-08-13T18:42:41.511992+00:00', '2025-07-27T18:42:41.511992+00:00', NULL),
  ('295ce0a0-88f8-4c59-8358-440c92c43d34', '52233bdf-2155-42f6-a4b1-6a5113dd373f', 'Initial Design', '22368.9000', 2, 'PENDING', '2025-08-28T18:42:41.511992+00:00', '2025-07-29T18:42:41.511992+00:00', NULL),
  ('66b8691a-172a-4fb6-8ba1-26ba3bf92623', '55da48b9-9150-4a34-86a6-13646c9b79e8', 'Scope Definition', '7886.6100', 1, 'PENDING', '2026-03-08T20:56:41.512774+00:00', '2026-03-01T20:56:41.512774+00:00', NULL),
  ('2fef242a-e145-4d20-8867-0ed2754614f3', '55da48b9-9150-4a34-86a6-13646c9b79e8', 'Sprint 1', '31546.4200', 2, 'PENDING', '2026-03-31T20:56:41.512774+00:00', '2026-03-03T20:56:41.512774+00:00', NULL),
  ('73698fd9-3ea5-40e0-abd1-3685c2fb9b21', '55da48b9-9150-4a34-86a6-13646c9b79e8', 'Sprint 2', '23659.8200', 3, 'DISPUTED', '2026-04-21T20:56:41.512774+00:00', '2026-03-05T20:56:41.512774+00:00', NULL),
  ('c37b0361-b414-446f-8a00-abe5c67ead29', '4ccef674-946f-4829-97c2-6b12f55ebb28', 'Scope Definition', '23740.8500', 1, 'APPROVED', '2026-04-29T18:04:41.513175+00:00', '2026-04-18T18:04:41.513175+00:00', '2026-04-25T18:04:41.513175+00:00'),
  ('8f3bdbec-a796-409f-a802-2b797c331b28', '4ccef674-946f-4829-97c2-6b12f55ebb28', 'Sprint 1', '7913.6200', 2, 'APPROVED', '2026-05-18T18:04:41.513175+00:00', '2026-04-20T18:04:41.513175+00:00', '2026-05-11T18:04:41.513175+00:00'),
  ('236aa337-d849-49e1-9db4-9471fb1b80ce', 'b8521e0a-a941-4f37-9577-fa20f1afb406', 'Script Writing', '248602.3600', 1, 'APPROVED', '2025-08-20T03:32:41.513738+00:00', '2025-08-06T03:32:41.513738+00:00', '2025-08-23T03:32:41.513738+00:00'),
  ('01bc71af-a4f0-41d9-a470-f4dec306879e', 'b8521e0a-a941-4f37-9577-fa20f1afb406', 'Raw Edit', '165734.9000', 2, 'APPROVED', '2025-08-20T03:32:41.513738+00:00', '2025-08-08T03:32:41.513738+00:00', '2025-09-01T03:32:41.513738+00:00'),
  ('0c4f02b1-281f-416d-b237-acd8daa74e84', 'cb3181c8-2cfd-4610-ae86-5c51af8a2104', 'Logo Concepts', '37495.9800', 1, 'APPROVED', '2025-12-30T01:43:41.514861+00:00', '2025-12-11T01:43:41.514861+00:00', '2025-12-26T01:43:41.514861+00:00'),
  ('0944c71e-47bc-43c4-8ed8-e97cdcdadb41', 'cb3181c8-2cfd-4610-ae86-5c51af8a2104', 'Revision Round 1', '18747.9900', 2, 'DELIVERED', '2026-01-16T01:43:41.514861+00:00', '2025-12-13T01:43:41.514861+00:00', NULL),
  ('16c188a6-d9db-4770-9f29-d8e4d5c57248', 'a4b736fa-1e31-4171-b91b-2aecd4d09ca2', 'Requirements & Wireframes', '96197.4100', 1, 'DELIVERED', '2025-08-16T05:17:41.515117+00:00', '2025-08-08T05:17:41.515117+00:00', NULL),
  ('8e521eda-117f-4bc1-8ea5-e22c3d334ce8', 'a4b736fa-1e31-4171-b91b-2aecd4d09ca2', 'UI Design', '144296.1200', 2, 'PENDING', '2025-09-17T05:17:41.515117+00:00', '2025-08-10T05:17:41.515117+00:00', NULL),
  ('57d81568-e141-4223-b374-bdeab102e601', 'a4b736fa-1e31-4171-b91b-2aecd4d09ca2', 'Development', '144296.1200', 3, 'PENDING', '2025-09-13T05:17:41.515117+00:00', '2025-08-12T05:17:41.515117+00:00', NULL),
  ('716f1466-fc1a-468d-a921-ab76f7cba0f0', 'a4b736fa-1e31-4171-b91b-2aecd4d09ca2', 'Testing & Launch', '96197.4100', 4, 'PENDING', '2025-09-09T05:17:41.515117+00:00', '2025-08-14T05:17:41.515117+00:00', NULL),
  ('7415587c-da73-473a-b6cd-2a9bb3a8a2ef', '9d492882-3cfb-4b75-89e6-1a63668cd94d', 'Concept & Mood Board', '40565.6200', 1, 'APPROVED', '2026-03-29T10:43:41.515449+00:00', '2026-03-14T10:43:41.515449+00:00', '2026-03-31T10:43:41.515449+00:00'),
  ('57de9bc3-4fa4-4724-a70f-b0b0b6e4b4aa', '9d492882-3cfb-4b75-89e6-1a63668cd94d', 'Initial Design', '202828.1200', 2, 'APPROVED', '2026-04-23T10:43:41.515449+00:00', '2026-03-16T10:43:41.515449+00:00', '2026-03-28T10:43:41.515449+00:00'),
  ('f0c661b7-606c-440f-bf57-defac5c0a1cf', '9d492882-3cfb-4b75-89e6-1a63668cd94d', 'Revision Round', '202828.1200', 3, 'APPROVED', '2026-05-13T10:43:41.515449+00:00', '2026-03-18T10:43:41.515449+00:00', '2026-03-30T10:43:41.515449+00:00'),
  ('788f4e69-c996-4f8b-883b-a0496e9defef', 'bea1c65b-a512-46fa-bd83-ce97ee45d4ee', 'Scope Definition', '112637.2100', 1, 'PENDING', '2025-09-08T18:30:41.515746+00:00', '2025-08-24T18:30:41.515746+00:00', NULL),
  ('c475a420-d567-4936-98d2-ee5c9f1369d3', 'bea1c65b-a512-46fa-bd83-ce97ee45d4ee', 'Sprint 1', '84477.9000', 2, 'PENDING', '2025-09-13T18:30:41.515746+00:00', '2025-08-26T18:30:41.515746+00:00', NULL),
  ('f60ccc89-cf88-47b8-98d5-f0400b6c0102', 'bea1c65b-a512-46fa-bd83-ce97ee45d4ee', 'Sprint 2', '28159.3000', 3, 'PENDING', '2025-10-11T18:30:41.515746+00:00', '2025-08-28T18:30:41.515746+00:00', NULL),
  ('77b1d74f-b947-4027-a24e-13d16271c7d5', 'bea1c65b-a512-46fa-bd83-ce97ee45d4ee', 'Handover & Docs', '140796.5100', 4, 'PENDING', '2025-10-11T18:30:41.515746+00:00', '2025-08-30T18:30:41.515746+00:00', NULL),
  ('c7eeb363-31b9-4bf7-b330-0d278bcaace7', 'd6164d5d-a60c-44fb-a198-c5cf70cd21c0', 'Concept & Mood Board', '82870.6300', 1, 'APPROVED', '2026-05-22T00:21:41.516103+00:00', '2026-05-11T00:21:41.516103+00:00', '2026-06-09T00:21:41.516103+00:00'),
  ('eb366d2d-163e-46a6-a62d-3d251e306298', 'd6164d5d-a60c-44fb-a198-c5cf70cd21c0', 'Initial Design', '66296.5000', 2, 'APPROVED', '2026-06-04T00:21:41.516103+00:00', '2026-05-13T00:21:41.516103+00:00', '2026-06-01T00:21:41.516103+00:00'),
  ('e0f03cb1-30ff-49e4-ad71-15aa065bb244', 'd6164d5d-a60c-44fb-a198-c5cf70cd21c0', 'Revision Round', '66296.5000', 3, 'APPROVED', '2026-06-25T00:21:41.516103+00:00', '2026-05-15T00:21:41.516103+00:00', '2026-06-11T00:21:41.516103+00:00'),
  ('38460daf-746e-4b45-b9dd-503928e3dde2', 'd6164d5d-a60c-44fb-a198-c5cf70cd21c0', 'Final Files', '82870.6300', 4, 'APPROVED', '2026-07-22T00:21:41.516103+00:00', '2026-05-17T00:21:41.516103+00:00', '2026-05-30T00:21:41.516103+00:00')
ON CONFLICT DO NOTHING;

-- ── disputes (────────────────────────────────────)
INSERT INTO disputes (id, contract_id, raised_by, reason, status, assigned_to, resolution_type, resolution_note, resolved_at, created_at) VALUES
  ('b48f0dd4-ce6a-4199-8cab-de5ec0853fc2', 'd5cea774-b673-4a0b-ad52-7a42ffe7b149', 'b70759ac-fb5d-4261-8d71-37b125921ab5', 'OTHER', 'RAISED', NULL, NULL, NULL, NULL, '2025-12-10T19:34:41.497489+00:00'),
  ('01f52f8c-7c68-4fb5-9421-811f51597371', 'a983ea86-fa13-4312-ba13-29b480fc2b77', '6872ee47-6643-4718-b09f-4476d930b48c', 'LATE_DELIVERY', 'UNDER_REVIEW', 'a7500a4b-0888-4b4c-8dd7-9a285954d237', NULL, NULL, NULL, '2026-01-09T02:31:41.491535+00:00'),
  ('a230f017-498a-4673-b52b-f7c109ca6476', 'b42b19c8-2a92-4cd5-88ff-1fd5157b96c2', 'c31cb78f-e21f-4a84-957e-67958fdf321a', 'PAYMENT_WITHHELD', 'EVIDENCE_SUBMITTED', '51fcb34c-6405-4024-975d-24ff149c2a9c', NULL, NULL, NULL, '2026-01-13T15:02:41.488902+00:00'),
  ('3244afcf-7b39-48b1-8696-68375b788985', '0e17094c-edae-4d60-9f23-8381e1f8edb5', 'cd861fd9-0552-442e-9cf9-c30c3941a57f', 'QUALITY_NOT_MET', 'RESOLVED', '73e93709-8483-41ce-b789-42c9766255f3', 'FULL_RELEASE', 'Ever later share within. Exist exactly after play.', '2026-05-05T17:59:41.481213+00:00', '2026-04-25T17:59:41.481213+00:00'),
  ('74337c17-3d9f-48b8-a4e4-170036a5390d', 'a4b736fa-1e31-4171-b91b-2aecd4d09ca2', 'b70759ac-fb5d-4261-8d71-37b125921ab5', 'OTHER', 'DECISION_PENDING', 'd0aa026e-2ed1-4446-a2f0-3549923cb767', NULL, NULL, NULL, '2025-08-27T05:17:41.515117+00:00'),
  ('9330745a-cc54-4f6c-880b-fc3962d56a09', 'c05eb68c-3331-4cf5-9165-67cde632795a', '8ab19e94-bdbd-4a2e-a50f-3855a8a6ed5b', 'SCOPE_DISAGREEMENT', 'EVIDENCE_SUBMITTED', '73e93709-8483-41ce-b789-42c9766255f3', NULL, NULL, NULL, '2026-01-09T08:21:41.486515+00:00'),
  ('e18e6760-8e1e-4a92-87aa-84927e557590', 'cb3181c8-2cfd-4610-ae86-5c51af8a2104', '2bc1f037-5253-4bd8-80d1-d18a59fc3600', 'QUALITY_NOT_MET', 'UNDER_REVIEW', '73e93709-8483-41ce-b789-42c9766255f3', NULL, NULL, NULL, '2026-01-10T01:43:41.514861+00:00'),
  ('a0561333-7286-4541-ab8c-1bed8d733d49', '5c6cb7a4-07c3-40fc-86ec-3cd54df324e5', '2b905960-78c7-42fe-8403-4bdf8b0eec2b', 'LATE_DELIVERY', 'RESOLVED', '900a5547-efc8-4263-be74-bbe03405259e', 'FULL_RELEASE', 'Shoulder show chance laugh kid few on consider. Tell enough question.', '2026-03-03T20:38:41.478989+00:00', '2026-02-17T20:38:41.478989+00:00'),
  ('e1dc50e6-b7cb-47ac-9e28-614b400cfeea', '2d3aa4b1-67c6-46cb-a0da-dbb4c2629119', '4dbfe6ad-8284-4b73-9bb5-105554f92fb6', 'OTHER', 'RAISED', NULL, NULL, NULL, NULL, '2025-12-17T15:52:41.489443+00:00'),
  ('ee9d5ac2-b561-4ad3-b46d-88e0d80a5f5a', 'ab76dac9-5052-41f6-8569-b000f8ac7f2e', '74ce123b-204a-474f-bffc-8ea53f885eb6', 'LATE_DELIVERY', 'EVIDENCE_SUBMITTED', 'a7500a4b-0888-4b4c-8dd7-9a285954d237', NULL, NULL, NULL, '2026-04-11T14:41:41.505497+00:00'),
  ('26ecc865-7479-4576-be20-c7c27e113f9c', '2177949b-3c26-4fa4-8b38-c81a4b92bf71', 'e6012de9-d583-4b01-a7a8-b1da27138cfd', 'NON_DELIVERY', 'EVIDENCE_SUBMITTED', '73e93709-8483-41ce-b789-42c9766255f3', NULL, NULL, NULL, '2025-09-05T00:06:41.496791+00:00'),
  ('67ef7350-f076-41e5-87f1-79de5db3205d', '14a997cc-aa67-49f4-be4a-202c63f2e4ae', 'a76e8f1a-1b5a-406d-9242-6292c3e1af56', 'OTHER', 'ESCALATED', 'd0aa026e-2ed1-4446-a2f0-3549923cb767', NULL, NULL, NULL, '2025-11-04T01:19:41.487607+00:00'),
  ('f9c389e9-981e-45b0-8fe7-08aef40a590d', '55da48b9-9150-4a34-86a6-13646c9b79e8', '25ff57f5-1ebb-4ed1-b47f-8732bd99694a', 'PAYMENT_WITHHELD', 'DECISION_PENDING', '51fcb34c-6405-4024-975d-24ff149c2a9c', NULL, NULL, NULL, '2026-03-31T20:56:41.512774+00:00'),
  ('74d8af95-e4c1-42a8-8ea1-8b375751d3f5', '1402b10c-787b-4391-9ea8-fd8df2b44e3b', '70e83877-9476-47e6-8eb5-1b148b5f6748', 'QUALITY_NOT_MET', 'RESOLVED', '73e93709-8483-41ce-b789-42c9766255f3', 'FULL_RELEASE', 'Foot city high attorney car occur base. Kid hope degree process letter campaign.', '2026-01-01T23:44:41.493555+00:00', '2025-12-20T23:44:41.493555+00:00'),
  ('3415a5f4-d06e-49d9-a546-0454bc199a85', '652f7958-7017-4af6-9b48-1939cef9c686', '1ee784f9-10a9-4852-ae81-fbca3d91120a', 'QUALITY_NOT_MET', 'EVIDENCE_SUBMITTED', '51fcb34c-6405-4024-975d-24ff149c2a9c', NULL, NULL, NULL, '2026-05-25T04:18:41.507902+00:00'),
  ('c8485e65-189b-496b-829c-5fbf40072df1', '836b9b1b-0534-4cde-b833-037219fa2d39', '2018990f-2b56-4b13-af0a-d8377a2e6e04', 'LATE_DELIVERY', 'RESOLVED', '51fcb34c-6405-4024-975d-24ff149c2a9c', 'FULL_RELEASE', 'Half option year job Mrs a arm will.', '2026-05-23T07:27:41.480644+00:00', '2026-05-19T07:27:41.480644+00:00'),
  ('21a6727d-936b-45ba-b0f6-ca045408b405', '93260462-f32f-48bd-b056-5899031fc2ec', '3366848f-2d91-4023-91ac-54ce88641b6d', 'OTHER', 'RESOLVED', 'a7500a4b-0888-4b4c-8dd7-9a285954d237', 'FULL_RELEASE', 'Box though as point here include add.', '2025-12-11T01:24:41.492724+00:00', '2025-11-30T01:24:41.492724+00:00'),
  ('16412cc9-3ca5-48b6-b958-e22eee3448f2', 'deaeb3f5-65fa-4ad1-a3cf-24e893248794', '70e83877-9476-47e6-8eb5-1b148b5f6748', 'NON_DELIVERY', 'EVIDENCE_SUBMITTED', 'a7500a4b-0888-4b4c-8dd7-9a285954d237', NULL, NULL, NULL, '2025-08-03T20:29:41.479880+00:00'),
  ('8a8f92a9-0641-473f-ad0e-a7f1225df36f', '47e17ac0-cc11-4ad0-b0fc-a28677fdc290', 'eab4ea83-34dc-4c84-a504-6d26a70672bd', 'LATE_DELIVERY', 'RESOLVED', 'd0aa026e-2ed1-4446-a2f0-3549923cb767', 'PARTIAL_SPLIT', 'Technology research between bar. Yourself individual or pull me.', '2025-10-22T22:58:41.493159+00:00', '2025-10-09T22:58:41.493159+00:00'),
  ('9dc64f74-9226-41a9-be68-86be8a845428', '18eead22-ac29-47cb-8f6e-43bb8afca708', 'a2cc882d-3430-4415-99d1-3b79bf519673', 'NON_DELIVERY', 'UNDER_REVIEW', 'd0aa026e-2ed1-4446-a2f0-3549923cb767', NULL, NULL, NULL, '2025-12-16T05:24:41.510471+00:00'),
  ('ec385853-52e5-450d-817c-99078395fdbb', 'aad7f279-3724-480d-af60-ee2187f89cd5', 'a425f6e8-8420-44f8-9e21-3f65520cd42d', 'PAYMENT_WITHHELD', 'DECISION_PENDING', 'd0aa026e-2ed1-4446-a2f0-3549923cb767', NULL, NULL, NULL, '2025-11-15T20:39:41.491934+00:00'),
  ('07db2ed8-096e-42d8-9f20-95228b00779f', '0061b55b-835b-4a93-96ff-7a2801ae89e3', '2772ca7d-0d78-41b2-9f7d-cfc91b122400', 'SCOPE_DISAGREEMENT', 'EVIDENCE_SUBMITTED', '51fcb34c-6405-4024-975d-24ff149c2a9c', NULL, NULL, NULL, '2026-03-16T13:19:41.496069+00:00'),
  ('a8a12e73-0a13-4c87-8b92-05cec59a4e84', '4e5aee71-5f60-4eca-b25e-f71d4b24ef25', '62f239dc-ae35-4e77-a6dd-2c1f9419018f', 'SCOPE_DISAGREEMENT', 'RAISED', NULL, NULL, NULL, NULL, '2025-12-27T04:54:41.509731+00:00'),
  ('92846287-2eb3-4133-803a-212f03d4edcb', 'a4b10cd6-2ae4-4065-8eb6-1f1cf1516682', 'ef477e12-bd32-4a32-902b-268326241525', 'LATE_DELIVERY', 'EVIDENCE_SUBMITTED', '73e93709-8483-41ce-b789-42c9766255f3', NULL, NULL, NULL, '2026-05-09T16:59:41.495332+00:00'),
  ('15a35ad6-f102-4206-a5f8-759eb9017d05', '61e45fc3-4dff-4f12-b7ba-f88e1ae214fe', '42c52773-f8ae-4373-af38-827b571ace67', 'NON_DELIVERY', 'RESOLVED', '73e93709-8483-41ce-b789-42c9766255f3', 'PARTIAL_SPLIT', 'Plant whole popular fire respond way.', '2026-03-03T19:51:41.508989+00:00', '2026-02-24T19:51:41.508989+00:00'),
  ('7e68a42f-60cb-4a63-b5e0-2a7c6f3f4abf', '8d4dac2b-1032-42af-964b-75639c2913b5', '1ee784f9-10a9-4852-ae81-fbca3d91120a', 'SCOPE_DISAGREEMENT', 'RESOLVED', 'a7500a4b-0888-4b4c-8dd7-9a285954d237', 'PARTIAL_SPLIT', 'Attack hundred reach money camera.', '2026-02-20T14:13:41.503318+00:00', '2026-02-13T14:13:41.503318+00:00'),
  ('44c12070-e86a-4a47-9aa6-89d2d8b05263', 'da9cd23d-da56-4de4-9cb9-0248e7065639', 'b70759ac-fb5d-4261-8d71-37b125921ab5', 'LATE_DELIVERY', 'DECISION_PENDING', 'd0aa026e-2ed1-4446-a2f0-3549923cb767', NULL, NULL, NULL, '2026-01-31T05:52:41.506653+00:00'),
  ('289cd35c-0ed5-4c93-ba3e-5b5a6ac8ce9d', 'bea1c65b-a512-46fa-bd83-ce97ee45d4ee', '1ee784f9-10a9-4852-ae81-fbca3d91120a', 'OTHER', 'ESCALATED', '51fcb34c-6405-4024-975d-24ff149c2a9c', NULL, NULL, NULL, '2025-09-15T18:30:41.515746+00:00'),
  ('a861a968-510d-4373-82c7-a39596ce18a0', '0fe89578-611f-437f-ac46-18df6e79be0c', '4dbfe6ad-8284-4b73-9bb5-105554f92fb6', 'PAYMENT_WITHHELD', 'RESOLVED', '73e93709-8483-41ce-b789-42c9766255f3', 'FULL_RELEASE', 'Hear among teacher rich account six name. Civil across he room way market.', '2025-09-26T21:49:41.488161+00:00', '2025-09-15T21:49:41.488161+00:00'),
  ('25f3c1a1-22c4-4027-978e-8bf5f6da2711', '841e9a80-d1f1-4e4a-9924-002f06b2c2fb', '3366848f-2d91-4023-91ac-54ce88641b6d', 'OTHER', 'UNDER_REVIEW', '900a5547-efc8-4263-be74-bbe03405259e', NULL, NULL, NULL, '2026-02-21T12:23:41.491134+00:00'),
  ('d6335819-87d6-45a8-8d36-06fd4745e2f9', 'be5e7934-fcf8-4e31-bb0f-86ce9548d895', 'eab4ea83-34dc-4c84-a504-6d26a70672bd', 'OTHER', 'RESOLVED', '73e93709-8483-41ce-b789-42c9766255f3', 'FULL_RELEASE', 'Adult if risk. Show something food focus budget.', '2026-05-18T17:22:41.505923+00:00', '2026-05-06T17:22:41.505923+00:00'),
  ('a60dfcaa-a08c-45ed-9eff-9d9e11af8e61', '0fe89578-611f-437f-ac46-18df6e79be0c', '4dbfe6ad-8284-4b73-9bb5-105554f92fb6', 'LATE_DELIVERY', 'ESCALATED', '900a5547-efc8-4263-be74-bbe03405259e', NULL, NULL, NULL, '2025-09-17T21:49:41.488161+00:00'),
  ('391ae518-7c09-49b9-9d03-eb64287981f4', 'b8521e0a-a941-4f37-9577-fa20f1afb406', '4dbfe6ad-8284-4b73-9bb5-105554f92fb6', 'LATE_DELIVERY', 'UNDER_REVIEW', '51fcb34c-6405-4024-975d-24ff149c2a9c', NULL, NULL, NULL, '2025-09-05T03:32:41.513738+00:00'),
  ('5c6f73c9-e95e-4480-af89-4c229106941a', '0e17094c-edae-4d60-9f23-8381e1f8edb5', '2bcafc3f-322a-46de-a2f4-e310a5695fb7', 'QUALITY_NOT_MET', 'RESOLVED', '51fcb34c-6405-4024-975d-24ff149c2a9c', 'FULL_REFUND', 'Entire under sort network color study something. Range member five nor keep.', '2026-05-11T17:59:41.481213+00:00', '2026-05-01T17:59:41.481213+00:00'),
  ('5aaf4d16-04ef-47bc-a288-6c3160bdbe23', '2177949b-3c26-4fa4-8b38-c81a4b92bf71', '6e19daad-a7ba-4516-96fe-44adc8c98723', 'SCOPE_DISAGREEMENT', 'RESOLVED', 'a7500a4b-0888-4b4c-8dd7-9a285954d237', 'FULL_RELEASE', 'Able look culture however analysis realize art. Resource doctor score feel might speech term.', '2025-09-10T00:06:41.496791+00:00', '2025-08-30T00:06:41.496791+00:00'),
  ('9cd1a4db-57aa-4833-9c4f-15a7bda5342f', '2177949b-3c26-4fa4-8b38-c81a4b92bf71', '6e19daad-a7ba-4516-96fe-44adc8c98723', 'NON_DELIVERY', 'ESCALATED', '51fcb34c-6405-4024-975d-24ff149c2a9c', NULL, NULL, NULL, '2025-08-14T00:06:41.496791+00:00'),
  ('02db11de-ba6d-4201-84b9-c4a6d92992f9', '4ccef674-946f-4829-97c2-6b12f55ebb28', '6872ee47-6643-4718-b09f-4476d930b48c', 'QUALITY_NOT_MET', 'UNDER_REVIEW', '73e93709-8483-41ce-b789-42c9766255f3', NULL, NULL, NULL, '2026-05-02T18:04:41.513175+00:00'),
  ('028e61b5-4d96-4787-bba5-8c2518ae4a3c', '652f7958-7017-4af6-9b48-1939cef9c686', '1ee784f9-10a9-4852-ae81-fbca3d91120a', 'SCOPE_DISAGREEMENT', 'ESCALATED', '73e93709-8483-41ce-b789-42c9766255f3', NULL, NULL, NULL, '2026-05-27T04:18:41.507902+00:00'),
  ('ea41c653-1869-4e49-944d-db5f02f16c51', '4ccef674-946f-4829-97c2-6b12f55ebb28', '6872ee47-6643-4718-b09f-4476d930b48c', 'NON_DELIVERY', 'UNDER_REVIEW', '900a5547-efc8-4263-be74-bbe03405259e', NULL, NULL, NULL, '2026-05-10T18:04:41.513175+00:00'),
  ('e05afa1a-43c1-4021-bc92-104f44c79a5f', 'ab5447de-2306-4a61-9d31-44279dcbb769', '8ab19e94-bdbd-4a2e-a50f-3855a8a6ed5b', 'SCOPE_DISAGREEMENT', 'UNDER_REVIEW', '900a5547-efc8-4263-be74-bbe03405259e', NULL, NULL, NULL, '2026-04-13T05:53:41.507273+00:00'),
  ('1df06507-26dc-4c3f-9e9f-f90ba8dd0e58', 'ab76dac9-5052-41f6-8569-b000f8ac7f2e', '74ce123b-204a-474f-bffc-8ea53f885eb6', 'SCOPE_DISAGREEMENT', 'DECISION_PENDING', '73e93709-8483-41ce-b789-42c9766255f3', NULL, NULL, NULL, '2026-04-14T14:41:41.505497+00:00'),
  ('4d632970-fded-4c16-847c-dc5336b5df04', '9f597cb8-6be0-4367-b297-0f587d0106cf', '428a2e37-d6b6-4557-87c7-17e8eaa04973', 'QUALITY_NOT_MET', 'EVIDENCE_SUBMITTED', '51fcb34c-6405-4024-975d-24ff149c2a9c', NULL, NULL, NULL, '2026-04-16T02:27:41.498760+00:00'),
  ('942674c8-e520-4299-9b1a-7f88b6c1d665', 'a983ea86-fa13-4312-ba13-29b480fc2b77', '70e83877-9476-47e6-8eb5-1b148b5f6748', 'SCOPE_DISAGREEMENT', 'RESOLVED', '73e93709-8483-41ce-b789-42c9766255f3', 'FULL_REFUND', 'There good suddenly history.', '2026-01-22T02:31:41.491535+00:00', '2026-01-10T02:31:41.491535+00:00'),
  ('c2a70287-cbf4-4367-a76e-b77547b0c99c', 'a4b736fa-1e31-4171-b91b-2aecd4d09ca2', 'cd861fd9-0552-442e-9cf9-c30c3941a57f', 'PAYMENT_WITHHELD', 'DECISION_PENDING', '73e93709-8483-41ce-b789-42c9766255f3', NULL, NULL, NULL, '2025-08-20T05:17:41.515117+00:00'),
  ('9ab73f9e-a85c-432a-9079-f4f65a499d0c', 'a4b10cd6-2ae4-4065-8eb6-1f1cf1516682', 'a2cc882d-3430-4415-99d1-3b79bf519673', 'OTHER', 'RESOLVED', '73e93709-8483-41ce-b789-42c9766255f3', 'FULL_REFUND', 'Place finally easy soon size. Three again win many human really.', '2026-05-26T16:59:41.495332+00:00', '2026-05-14T16:59:41.495332+00:00'),
  ('0e51063c-f54e-4dd2-8999-b7037101dbc8', '93260462-f32f-48bd-b056-5899031fc2ec', '3366848f-2d91-4023-91ac-54ce88641b6d', 'QUALITY_NOT_MET', 'RAISED', NULL, NULL, NULL, NULL, '2025-11-27T01:24:41.492724+00:00'),
  ('3e741c62-12d4-4588-b3b5-32c0e70aec00', '92e71027-113c-4670-baae-40d8665aca09', 'c31cb78f-e21f-4a84-957e-67958fdf321a', 'QUALITY_NOT_MET', 'DECISION_PENDING', '73e93709-8483-41ce-b789-42c9766255f3', NULL, NULL, NULL, '2025-08-09T07:28:41.498008+00:00'),
  ('a9d780af-78fa-42b8-930b-ed963ef4a552', '92e71027-113c-4670-baae-40d8665aca09', '2bcafc3f-322a-46de-a2f4-e310a5695fb7', 'PAYMENT_WITHHELD', 'EVIDENCE_SUBMITTED', '900a5547-efc8-4263-be74-bbe03405259e', NULL, NULL, NULL, '2025-08-16T07:28:41.498008+00:00'),
  ('7bcb9005-f403-4c9a-8117-0f6bf84f8fe5', '2d3aa4b1-67c6-46cb-a0da-dbb4c2629119', '4eee5935-6908-4cc9-a46c-736e719f927f', 'NON_DELIVERY', 'RESOLVED', 'd0aa026e-2ed1-4446-a2f0-3549923cb767', 'FULL_REFUND', 'Sign his operation among.', '2026-01-02T15:52:41.489443+00:00', '2025-12-22T15:52:41.489443+00:00'),
  ('9e1f3262-5e65-4730-ab88-48aacf1ff00b', '8d4dac2b-1032-42af-964b-75639c2913b5', '1ee784f9-10a9-4852-ae81-fbca3d91120a', 'NON_DELIVERY', 'ESCALATED', '51fcb34c-6405-4024-975d-24ff149c2a9c', NULL, NULL, NULL, '2026-02-21T14:13:41.503318+00:00')
ON CONFLICT DO NOTHING;

-- ── dispute_evidence (────────────────────────────)
INSERT INTO dispute_evidence (id, dispute_id, submitted_by, file_s3_key, description, submitted_at) VALUES
  ('a6ea7f39-8fed-446a-a1e2-75bb1bfa71d4', 'b48f0dd4-ce6a-4199-8cab-de5ec0853fc2', 'b70759ac-fb5d-4261-8d71-37b125921ab5', 'evidence/b48f0dd4-ce6a-4199-8cab-de5ec0853fc2/chat_log_33bda222.pdf', 'Others first it factor field laugh discover hard affect ten develop around however traditional maintain heavy.', '2025-12-11T14:34:41.497489+00:00'),
  ('77f5ef19-9ee3-4c58-9f12-35bcc2fe246f', 'b48f0dd4-ce6a-4199-8cab-de5ec0853fc2', 'b70759ac-fb5d-4261-8d71-37b125921ab5', 'evidence/b48f0dd4-ce6a-4199-8cab-de5ec0853fc2/invoice_1146c86b.pdf', 'Health measure majority door reflect tree a writer strong will imagine condition meet true.', '2025-12-10T22:34:41.497489+00:00'),
  ('82de8c0e-9810-453a-9dda-f5761ee0eb59', '01f52f8c-7c68-4fb5-9421-811f51597371', '70e83877-9476-47e6-8eb5-1b148b5f6748', 'evidence/01f52f8c-7c68-4fb5-9421-811f51597371/screenshot_247ded75.pdf', 'Popular Mr mouth feel final institution appear activity accept floor rule.', '2026-01-09T17:31:41.491535+00:00'),
  ('d738c352-8381-4e53-86c7-01a5b43578a5', '01f52f8c-7c68-4fb5-9421-811f51597371', '6872ee47-6643-4718-b09f-4476d930b48c', 'evidence/01f52f8c-7c68-4fb5-9421-811f51597371/chat_log_b2a03f79.pdf', 'Dark realize just sing daughter drive interest begin white available radio pick into within walk out help establish environmental.', '2026-01-11T21:31:41.491535+00:00'),
  ('3a9b25ae-dab9-4f30-bc4b-95fedd1616d2', '01f52f8c-7c68-4fb5-9421-811f51597371', '70e83877-9476-47e6-8eb5-1b148b5f6748', 'evidence/01f52f8c-7c68-4fb5-9421-811f51597371/contract_copy_22102c73.pdf', 'Resource fund return national cost exactly size impact see pay.', '2026-01-11T11:31:41.491535+00:00'),
  ('4df5ca60-d217-400d-a85c-a39dfdc478af', 'a230f017-498a-4673-b52b-f7c109ca6476', 'c31cb78f-e21f-4a84-957e-67958fdf321a', 'evidence/a230f017-498a-4673-b52b-f7c109ca6476/chat_log_719b1fec.pdf', 'North natural partner scientist current way our minute down.', '2026-01-14T07:02:41.488902+00:00'),
  ('ec6ce4b0-9596-44aa-9d42-9ee3b0d5d6cd', 'a230f017-498a-4673-b52b-f7c109ca6476', 'c31cb78f-e21f-4a84-957e-67958fdf321a', 'evidence/a230f017-498a-4673-b52b-f7c109ca6476/revision_request_aab30831.pdf', 'Often somebody left system anything decade second animal nice kitchen picture.', '2026-01-14T06:02:41.488902+00:00'),
  ('e81f55da-deff-4066-976b-0b551ea4d43d', 'a230f017-498a-4673-b52b-f7c109ca6476', 'c31cb78f-e21f-4a84-957e-67958fdf321a', 'evidence/a230f017-498a-4673-b52b-f7c109ca6476/revision_request_9b11ee50.pdf', 'Forward protect reality pay face commercial church blue whatever garden hotel character teacher business past card short which.', '2026-01-16T11:02:41.488902+00:00'),
  ('4f63634a-598e-4a37-aae9-e7e5e6bd02c0', '3244afcf-7b39-48b1-8696-68375b788985', 'cd861fd9-0552-442e-9cf9-c30c3941a57f', 'evidence/3244afcf-7b39-48b1-8696-68375b788985/chat_log_d1a610c9.pdf', 'Career experience walk evening behind population education vote public.', '2026-04-25T19:59:41.481213+00:00'),
  ('421028ae-095b-49ac-aec8-623861a82566', '74337c17-3d9f-48b8-a4e4-170036a5390d', 'cd861fd9-0552-442e-9cf9-c30c3941a57f', 'evidence/74337c17-3d9f-48b8-a4e4-170036a5390d/invoice_dcd8cbc7.pdf', 'Language where feel exist member understand too exactly travel chair.', '2025-08-27T06:17:41.515117+00:00'),
  ('8990b805-9818-4663-8f3c-0d25978725aa', '9330745a-cc54-4f6c-880b-fc3962d56a09', '8ab19e94-bdbd-4a2e-a50f-3855a8a6ed5b', 'evidence/9330745a-cc54-4f6c-880b-fc3962d56a09/invoice_a0974c0e.pdf', 'Again style his color also reality process third.', '2026-01-11T15:21:41.486515+00:00'),
  ('047236d8-21dd-4683-a8ac-b6e4528dd2dc', 'e18e6760-8e1e-4a92-87aa-84927e557590', '62f239dc-ae35-4e77-a6dd-2c1f9419018f', 'evidence/e18e6760-8e1e-4a92-87aa-84927e557590/contract_copy_3493b527.pdf', 'Whole stock fact former beat tell by.', '2026-01-10T17:43:41.514861+00:00'),
  ('a3131dcd-bcad-44b9-8a8c-b4827e8942ec', 'e18e6760-8e1e-4a92-87aa-84927e557590', '2bc1f037-5253-4bd8-80d1-d18a59fc3600', 'evidence/e18e6760-8e1e-4a92-87aa-84927e557590/bank_statement_ed814d9d.pdf', 'Avoid resource water maybe spring system reach trial low.', '2026-01-12T18:43:41.514861+00:00'),
  ('01f581fc-7d1d-4fce-b685-623d546c4e37', 'a0561333-7286-4541-ab8c-1bed8d733d49', '2b905960-78c7-42fe-8403-4bdf8b0eec2b', 'evidence/a0561333-7286-4541-ab8c-1bed8d733d49/bank_statement_ad7cf794.pdf', 'Black modern order onto thought oil heavy notice respond hospital still result.', '2026-02-19T08:38:41.478989+00:00'),
  ('f2f2aead-a704-4ba1-99a5-db7cb0de3fa2', 'e1dc50e6-b7cb-47ac-9e28-614b400cfeea', '4dbfe6ad-8284-4b73-9bb5-105554f92fb6', 'evidence/e1dc50e6-b7cb-47ac-9e28-614b400cfeea/revision_request_e96d87ea.pdf', 'Society official government because around reveal church among.', '2025-12-17T17:52:41.489443+00:00'),
  ('9b78a246-a2eb-44c2-972a-080ca2e018a9', 'ee9d5ac2-b561-4ad3-b46d-88e0d80a5f5a', '74ce123b-204a-474f-bffc-8ea53f885eb6', 'evidence/ee9d5ac2-b561-4ad3-b46d-88e0d80a5f5a/bank_statement_e9bec271.pdf', 'Air all save step speech just.', '2026-04-13T05:41:41.505497+00:00'),
  ('6c1755b3-13cc-4e51-804f-76407a5c3002', 'ee9d5ac2-b561-4ad3-b46d-88e0d80a5f5a', 'a425f6e8-8420-44f8-9e21-3f65520cd42d', 'evidence/ee9d5ac2-b561-4ad3-b46d-88e0d80a5f5a/delivery_proof_96665b7b.pdf', 'Member forward south visit safe road within keep word firm though position know behavior.', '2026-04-12T00:41:41.505497+00:00'),
  ('ec73fc60-bb47-4322-b9c6-c60e51848fae', '26ecc865-7479-4576-be20-c7c27e113f9c', '6e19daad-a7ba-4516-96fe-44adc8c98723', 'evidence/26ecc865-7479-4576-be20-c7c27e113f9c/delivery_proof_4dd95513.pdf', 'Almost vote late figure religious head any.', '2025-09-05T12:06:41.496791+00:00'),
  ('1491519a-0a8b-4cfe-968e-99a46033c887', '26ecc865-7479-4576-be20-c7c27e113f9c', '6e19daad-a7ba-4516-96fe-44adc8c98723', 'evidence/26ecc865-7479-4576-be20-c7c27e113f9c/revision_request_a82ed22c.pdf', 'Region difficult now maybe street trouble half growth same.', '2025-09-06T05:06:41.496791+00:00'),
  ('d67bbf62-d26b-4dda-b055-b257f40471f7', '67ef7350-f076-41e5-87f1-79de5db3205d', 'a76e8f1a-1b5a-406d-9242-6292c3e1af56', 'evidence/67ef7350-f076-41e5-87f1-79de5db3205d/contract_copy_842b83ae.pdf', 'Store improve end like song despite window identify mission somebody benefit prevent.', '2025-11-04T02:19:41.487607+00:00'),
  ('d0a27c5c-c69c-467e-8f15-d573df61da1a', '67ef7350-f076-41e5-87f1-79de5db3205d', '2018990f-2b56-4b13-af0a-d8377a2e6e04', 'evidence/67ef7350-f076-41e5-87f1-79de5db3205d/contract_copy_88c84fa4.pdf', 'Wind apply them size father lose support movement responsibility despite along business player item million record.', '2025-11-05T10:19:41.487607+00:00'),
  ('3dbccf1e-3c82-47da-bbc9-dfb44a6454a5', 'f9c389e9-981e-45b0-8fe7-08aef40a590d', '25ff57f5-1ebb-4ed1-b47f-8732bd99694a', 'evidence/f9c389e9-981e-45b0-8fe7-08aef40a590d/chat_log_ad54f01d.pdf', 'Staff too theory speech maintain how somebody answer season ten ahead care.', '2026-04-02T02:56:41.512774+00:00'),
  ('17e43b5c-85a3-4ee2-9129-fcf9eaae60d6', 'f9c389e9-981e-45b0-8fe7-08aef40a590d', 'bed888e4-dd5c-4414-b749-f4a6630fe115', 'evidence/f9c389e9-981e-45b0-8fe7-08aef40a590d/bank_statement_5a14c27b.pdf', 'Now situation foreign through area hit Democrat unit notice such arrive federal.', '2026-04-01T23:56:41.512774+00:00'),
  ('bac8aa7d-4207-4437-863e-073062047096', 'f9c389e9-981e-45b0-8fe7-08aef40a590d', 'bed888e4-dd5c-4414-b749-f4a6630fe115', 'evidence/f9c389e9-981e-45b0-8fe7-08aef40a590d/revision_request_a51c88c3.pdf', 'Young break lawyer rock or business prepare institution when phone budget.', '2026-04-02T15:56:41.512774+00:00'),
  ('38de5aa4-7fb3-4cbd-880e-ab047ec3b336', '74d8af95-e4c1-42a8-8ea1-8b375751d3f5', '58ad4cd5-b2da-44c4-baaa-c0f44c3d570a', 'evidence/74d8af95-e4c1-42a8-8ea1-8b375751d3f5/revision_request_5a43e51a.pdf', 'Seek adult recent hot cup by avoid miss policy back.', '2025-12-22T07:44:41.493555+00:00'),
  ('5dd9f753-66ca-4740-b1d0-033c4faac09d', '74d8af95-e4c1-42a8-8ea1-8b375751d3f5', '58ad4cd5-b2da-44c4-baaa-c0f44c3d570a', 'evidence/74d8af95-e4c1-42a8-8ea1-8b375751d3f5/contract_copy_545d7eeb.pdf', 'Around statement Democrat four bag popular whether out top foreign important guy station like.', '2025-12-22T15:44:41.493555+00:00'),
  ('3fe8676c-645a-4cfa-9e38-1ec07932ee6f', '74d8af95-e4c1-42a8-8ea1-8b375751d3f5', '70e83877-9476-47e6-8eb5-1b148b5f6748', 'evidence/74d8af95-e4c1-42a8-8ea1-8b375751d3f5/delivery_proof_a1bcd697.pdf', 'Get since six born person notice mouth exactly matter artist knowledge.', '2025-12-22T23:44:41.493555+00:00'),
  ('d0a0528f-8820-48e4-b253-6ecf273029e8', '3415a5f4-d06e-49d9-a546-0454bc199a85', '1ee784f9-10a9-4852-ae81-fbca3d91120a', 'evidence/3415a5f4-d06e-49d9-a546-0454bc199a85/chat_log_0a359071.pdf', 'Work reflect large coach seek responsibility station buy message prove enough Republican pressure.', '2026-05-27T20:18:41.507902+00:00'),
  ('fd9455df-5a8e-4d72-8e7d-b50c5615e279', '3415a5f4-d06e-49d9-a546-0454bc199a85', '2018990f-2b56-4b13-af0a-d8377a2e6e04', 'evidence/3415a5f4-d06e-49d9-a546-0454bc199a85/revision_request_0aadd9c9.pdf', 'He artist report result western wife include manage treat cut cause management other energy country.', '2026-05-27T14:18:41.507902+00:00'),
  ('c610cdc7-1e30-492c-9614-75df668c2a78', 'c8485e65-189b-496b-829c-5fbf40072df1', '2018990f-2b56-4b13-af0a-d8377a2e6e04', 'evidence/c8485e65-189b-496b-829c-5fbf40072df1/chat_log_f94606d1.pdf', 'Protect return minute democratic two southern pattern.', '2026-05-20T05:27:41.480644+00:00'),
  ('88a07c18-d43a-4c86-8181-e1a3349022af', 'c8485e65-189b-496b-829c-5fbf40072df1', 'e6012de9-d583-4b01-a7a8-b1da27138cfd', 'evidence/c8485e65-189b-496b-829c-5fbf40072df1/bank_statement_2a34582d.pdf', 'Old test general chair situation direction wife rich.', '2026-05-20T12:27:41.480644+00:00'),
  ('9b98b554-b141-4193-a31f-726f46b644f5', 'c8485e65-189b-496b-829c-5fbf40072df1', '2018990f-2b56-4b13-af0a-d8377a2e6e04', 'evidence/c8485e65-189b-496b-829c-5fbf40072df1/contract_copy_c4cd75ff.pdf', 'Fine same even task pay you event her forget others human.', '2026-05-20T07:27:41.480644+00:00'),
  ('df4e2d19-79b2-4e81-9908-71a7782a661e', '21a6727d-936b-45ba-b0f6-ca045408b405', '428a2e37-d6b6-4557-87c7-17e8eaa04973', 'evidence/21a6727d-936b-45ba-b0f6-ca045408b405/chat_log_b8f1c2aa.pdf', 'Behavior wish could score apply natural million rule through education upon goal.', '2025-12-02T11:24:41.492724+00:00'),
  ('37a3fa37-61a5-4968-bc00-9b3679c3e26f', '21a6727d-936b-45ba-b0f6-ca045408b405', '3366848f-2d91-4023-91ac-54ce88641b6d', 'evidence/21a6727d-936b-45ba-b0f6-ca045408b405/screenshot_6f5c6789.pdf', 'Benefit common enough official through likely show significant mind relate first ok hard.', '2025-11-30T21:24:41.492724+00:00'),
  ('7c375413-8a37-4ac1-a125-810435966f5d', '21a6727d-936b-45ba-b0f6-ca045408b405', '428a2e37-d6b6-4557-87c7-17e8eaa04973', 'evidence/21a6727d-936b-45ba-b0f6-ca045408b405/revision_request_40e0fb6e.pdf', 'Personal once executive stop enter employee determine alone.', '2025-11-30T21:24:41.492724+00:00'),
  ('6779d4c2-57ba-4a66-aafd-8024a7cc69d2', '16412cc9-3ca5-48b6-b958-e22eee3448f2', '70e83877-9476-47e6-8eb5-1b148b5f6748', 'evidence/16412cc9-3ca5-48b6-b958-e22eee3448f2/contract_copy_3e6df6f2.pdf', 'None design economy conference alone crime teacher will.', '2025-08-05T06:29:41.479880+00:00'),
  ('50ff238c-0c15-477e-8295-138d0c529fa0', '16412cc9-3ca5-48b6-b958-e22eee3448f2', '2bc1f037-5253-4bd8-80d1-d18a59fc3600', 'evidence/16412cc9-3ca5-48b6-b958-e22eee3448f2/delivery_proof_62a2fa76.pdf', 'Method general anything hit peace happy wind.', '2025-08-04T16:29:41.479880+00:00'),
  ('3a6cb57f-4243-4e95-b117-8153ab5b825f', '8a8f92a9-0641-473f-ad0e-a7f1225df36f', 'eab4ea83-34dc-4c84-a504-6d26a70672bd', 'evidence/8a8f92a9-0641-473f-ad0e-a7f1225df36f/bank_statement_19c00b1f.pdf', 'Center quite collection after vote lose reach born society late.', '2025-10-11T19:58:41.493159+00:00'),
  ('be4debb4-dced-4b44-ad13-b5884e2fb4db', '8a8f92a9-0641-473f-ad0e-a7f1225df36f', 'eab4ea83-34dc-4c84-a504-6d26a70672bd', 'evidence/8a8f92a9-0641-473f-ad0e-a7f1225df36f/bank_statement_786ff34f.pdf', 'Small improve keep save Democrat value kid lay inside actually.', '2025-10-12T21:58:41.493159+00:00'),
  ('be05009e-8fc4-48cf-abd6-c52198e1f6a0', '8a8f92a9-0641-473f-ad0e-a7f1225df36f', 'eab4ea83-34dc-4c84-a504-6d26a70672bd', 'evidence/8a8f92a9-0641-473f-ad0e-a7f1225df36f/screenshot_bb5ca618.pdf', 'Hit end morning key if lead training here agree.', '2025-10-10T11:58:41.493159+00:00'),
  ('140ebf7f-9b03-47ce-b4f0-34b8a842d041', '9dc64f74-9226-41a9-be68-86be8a845428', 'a2cc882d-3430-4415-99d1-3b79bf519673', 'evidence/9dc64f74-9226-41a9-be68-86be8a845428/contract_copy_7b65cb9b.pdf', 'Effect do score traditional set direction.', '2025-12-17T10:24:41.510471+00:00'),
  ('ae2608ee-876e-4000-8d23-3fa0e2468f50', 'ec385853-52e5-450d-817c-99078395fdbb', 'a425f6e8-8420-44f8-9e21-3f65520cd42d', 'evidence/ec385853-52e5-450d-817c-99078395fdbb/revision_request_1f47e88c.pdf', 'None way look television through build month cultural some policy factor process win employee unit son condition state change.', '2025-11-18T09:39:41.491934+00:00'),
  ('0ebd2a19-c090-45ee-8457-87263512f6a2', '07db2ed8-096e-42d8-9f20-95228b00779f', '2772ca7d-0d78-41b2-9f7d-cfc91b122400', 'evidence/07db2ed8-096e-42d8-9f20-95228b00779f/contract_copy_41e44fb4.pdf', 'Commercial might who information red your speak.', '2026-03-18T18:19:41.496069+00:00'),
  ('75000bc7-cd68-4ed4-94e3-5ad76ce0acfd', 'a8a12e73-0a13-4c87-8b92-05cec59a4e84', '62f239dc-ae35-4e77-a6dd-2c1f9419018f', 'evidence/a8a12e73-0a13-4c87-8b92-05cec59a4e84/chat_log_5bb9eb0f.pdf', 'Mind away choose hold yet.', '2025-12-27T15:54:41.509731+00:00'),
  ('159037c2-6249-4f37-bd6f-e74b011c40ec', 'a8a12e73-0a13-4c87-8b92-05cec59a4e84', '62f239dc-ae35-4e77-a6dd-2c1f9419018f', 'evidence/a8a12e73-0a13-4c87-8b92-05cec59a4e84/contract_copy_4d11bd2b.pdf', 'Analysis run produce past whether.', '2025-12-29T14:54:41.509731+00:00'),
  ('ba2e746c-58c7-4733-be83-1fd12790007c', '92846287-2eb3-4133-803a-212f03d4edcb', 'a2cc882d-3430-4415-99d1-3b79bf519673', 'evidence/92846287-2eb3-4133-803a-212f03d4edcb/revision_request_53cfa1e5.pdf', 'Mr professor support cell loss toward ability growth fly color inside herself.', '2026-05-10T06:59:41.495332+00:00'),
  ('7afd468d-9c47-4f13-a1cc-3f7a53c6b901', '92846287-2eb3-4133-803a-212f03d4edcb', 'ef477e12-bd32-4a32-902b-268326241525', 'evidence/92846287-2eb3-4133-803a-212f03d4edcb/screenshot_6995266e.pdf', 'Floor during stop art example speak art where speech.', '2026-05-11T00:59:41.495332+00:00'),
  ('1e8278ad-4728-48ab-a49d-db5d47e809f7', '92846287-2eb3-4133-803a-212f03d4edcb', 'a2cc882d-3430-4415-99d1-3b79bf519673', 'evidence/92846287-2eb3-4133-803a-212f03d4edcb/screenshot_0fd93e7e.pdf', 'Recent trade maintain letter fine expect thing head throw such under.', '2026-05-10T03:59:41.495332+00:00'),
  ('b75494db-0690-40d6-8f18-695d6b776768', '15a35ad6-f102-4206-a5f8-759eb9017d05', '8ab19e94-bdbd-4a2e-a50f-3855a8a6ed5b', 'evidence/15a35ad6-f102-4206-a5f8-759eb9017d05/screenshot_e5cd8b8a.pdf', 'Clear worker leg many somebody turn put product move road nature reduce close opportunity.', '2026-02-25T03:51:41.508989+00:00'),
  ('4f278d98-9fda-4660-81a7-847f3e69604c', '7e68a42f-60cb-4a63-b5e0-2a7c6f3f4abf', '1ee784f9-10a9-4852-ae81-fbca3d91120a', 'evidence/7e68a42f-60cb-4a63-b5e0-2a7c6f3f4abf/bank_statement_396104ee.pdf', 'Only mother enter continue attack official particularly.', '2026-02-15T13:13:41.503318+00:00')
ON CONFLICT DO NOTHING;
INSERT INTO dispute_evidence (id, dispute_id, submitted_by, file_s3_key, description, submitted_at) VALUES
  ('ee9ef838-6fb9-47d9-9418-bd7faf545cb9', '7e68a42f-60cb-4a63-b5e0-2a7c6f3f4abf', '1ee784f9-10a9-4852-ae81-fbca3d91120a', 'evidence/7e68a42f-60cb-4a63-b5e0-2a7c6f3f4abf/contract_copy_5eed755b.pdf', 'Program responsibility whose after Mr I rise catch ready ok four then put there.', '2026-02-14T17:13:41.503318+00:00'),
  ('15cee8a2-595c-40a7-8ce7-15a5a5c4d6a1', '44c12070-e86a-4a47-9aa6-89d2d8b05263', 'eab4ea83-34dc-4c84-a504-6d26a70672bd', 'evidence/44c12070-e86a-4a47-9aa6-89d2d8b05263/delivery_proof_305b8f18.pdf', 'Situation physical magazine nice give remain minute upon term tough here should ago believe protect skin fly there personal.', '2026-02-01T13:52:41.506653+00:00'),
  ('436192b6-0e5b-43b1-b0f1-a29a3a90bca7', '44c12070-e86a-4a47-9aa6-89d2d8b05263', 'b70759ac-fb5d-4261-8d71-37b125921ab5', 'evidence/44c12070-e86a-4a47-9aa6-89d2d8b05263/bank_statement_295010fc.pdf', 'Way feeling customer order recently list make.', '2026-02-02T18:52:41.506653+00:00'),
  ('52486872-5d93-42c2-b689-1d276c963287', '44c12070-e86a-4a47-9aa6-89d2d8b05263', 'b70759ac-fb5d-4261-8d71-37b125921ab5', 'evidence/44c12070-e86a-4a47-9aa6-89d2d8b05263/bank_statement_971b529e.pdf', 'Imagine either hospital rise court grow name add scene.', '2026-02-01T07:52:41.506653+00:00'),
  ('d8fa1285-c1f3-4041-84c9-deb7b8f75c6e', '289cd35c-0ed5-4c93-ba3e-5b5a6ac8ce9d', '1ee784f9-10a9-4852-ae81-fbca3d91120a', 'evidence/289cd35c-0ed5-4c93-ba3e-5b5a6ac8ce9d/contract_copy_a06fd7c4.pdf', 'Type identify during country your list seven baby.', '2025-09-17T18:30:41.515746+00:00'),
  ('177a9deb-acfa-4a50-a98d-44232fb3d7c5', 'a861a968-510d-4373-82c7-a39596ce18a0', '4dbfe6ad-8284-4b73-9bb5-105554f92fb6', 'evidence/a861a968-510d-4373-82c7-a39596ce18a0/chat_log_613db6f1.pdf', 'Risk create spring hair protect goal attorney decision fine total each yes simple strong activity team dark cost.', '2025-09-17T09:49:41.488161+00:00'),
  ('b4b668b0-5891-45ef-b8d4-c2d705ec7abb', 'a861a968-510d-4373-82c7-a39596ce18a0', 'e6012de9-d583-4b01-a7a8-b1da27138cfd', 'evidence/a861a968-510d-4373-82c7-a39596ce18a0/revision_request_b30e2690.pdf', 'Half health myself music ten line cover rich.', '2025-09-16T03:49:41.488161+00:00'),
  ('9fae695a-ade7-42eb-875c-1c39815e9ff1', 'a861a968-510d-4373-82c7-a39596ce18a0', 'e6012de9-d583-4b01-a7a8-b1da27138cfd', 'evidence/a861a968-510d-4373-82c7-a39596ce18a0/invoice_c2c75bc5.pdf', 'Week question character American enough region population art know finally husband several number send much style.', '2025-09-16T03:49:41.488161+00:00'),
  ('ff4bebea-ca23-4a9d-a874-575a1e86dcb7', '25f3c1a1-22c4-4027-978e-8bf5f6da2711', '3366848f-2d91-4023-91ac-54ce88641b6d', 'evidence/25f3c1a1-22c4-4027-978e-8bf5f6da2711/revision_request_83ce8ce2.pdf', 'Effort major audience opportunity success take probably find than well hot six bar.', '2026-02-21T20:23:41.491134+00:00'),
  ('5ca753e8-9bb9-405f-83b1-8fc6ff30719f', '25f3c1a1-22c4-4027-978e-8bf5f6da2711', '3366848f-2d91-4023-91ac-54ce88641b6d', 'evidence/25f3c1a1-22c4-4027-978e-8bf5f6da2711/contract_copy_9cc30e70.pdf', 'Ready provide pass feel business plan set often your there.', '2026-02-22T21:23:41.491134+00:00')
ON CONFLICT DO NOTHING;

-- ── notifications (───────────────────────────────)
INSERT INTO notifications (id, user_id, event_type, channel, payload, status, sent_at) VALUES
  ('4d9d3366-0b82-40b7-9643-1bc2c8f7476f', '18613aee-03ee-4059-a67a-45dd3d32d28a', 'DELIVERY_SUBMITTED', 'IN_APP', '{"message": "Delivery submitted on PKE-2024-00028. Please review."}', 'PENDING', NULL),
  ('8a05d7a9-d4cf-4313-b47e-9452016187b2', '0788edfd-2885-4f10-b0ac-2c0041f72a1a', 'KYC_APPROVED', 'SMS', '{"message": "Your KYC has been approved. Tier upgraded."}', 'FAILED', NULL),
  ('e3aa446a-e163-4c11-888c-9893358e1d0e', '2bcafc3f-322a-46de-a2f4-e310a5695fb7', 'KYC_APPROVED', 'EMAIL', '{"message": "Your KYC has been approved. Tier upgraded."}', 'SENT', '2026-04-18T20:00:30.815828+00:00'),
  ('714615cf-2f1b-49e5-815a-9dd0d5137645', '6872ee47-6643-4718-b09f-4476d930b48c', 'CONTRACT_FUNDED', 'SMS', '{"message": "Your contract PKE-2024-00022 for 185231.9800 has been funded."}', 'FAILED', NULL),
  ('fc7bc7f0-8403-4275-882d-82e789983441', '70e83877-9476-47e6-8eb5-1b148b5f6748', 'DISPUTE_RAISED', 'SMS', '{"message": "Dispute raised on contract PKE-2024-00026. Submit evidence."}', 'SENT', '2026-04-10T09:37:30.812456+00:00'),
  ('00ddfe57-29be-4f73-bc91-890011e176ef', 'cd861fd9-0552-442e-9cf9-c30c3941a57f', 'KYC_APPROVED', 'EMAIL', '{"message": "Your KYC has been approved. Tier upgraded."}', 'SENT', '2026-05-18T17:56:30.816405+00:00'),
  ('9c425abd-401b-493e-86ca-b115a0aa4eb9', '30e4ba01-2eb5-4df4-b3a0-04069742e7e9', 'KYC_APPROVED', 'IN_APP', '{"message": "Your KYC has been approved. Tier upgraded."}', 'PENDING', NULL),
  ('e8514014-c3c1-4fb6-a986-4a635e4c620f', '58ad4cd5-b2da-44c4-baaa-c0f44c3d570a', 'CONTRACT_FUNDED', 'EMAIL', '{"message": "Your contract PKE-2024-00020 for 292867.8700 has been funded."}', 'SENT', '2026-05-07T04:48:30.807165+00:00'),
  ('715ce112-9e7b-4881-821e-da76ffdc3574', '323703bf-9386-4840-a317-6d4044b083b0', 'KYC_APPROVED', 'IN_APP', '{"message": "Your KYC has been approved. Tier upgraded."}', 'SENT', '2026-03-25T13:31:30.816316+00:00'),
  ('d4beac9d-383d-4edc-b796-930a727a5fef', 'a76e8f1a-1b5a-406d-9242-6292c3e1af56', 'WELCOME', 'SMS', '{"message": "Welcome to PakEscrow! Your account is ready."}', 'SENT', '2026-04-07T05:58:30.817323+00:00'),
  ('4fe736eb-8cd2-479c-83e4-3354075a1708', '51fcb34c-6405-4024-975d-24ff149c2a9c', 'KYC_APPROVED', 'EMAIL', '{"message": "Your KYC has been approved. Tier upgraded."}', 'SENT', '2026-03-25T16:34:30.815544+00:00'),
  ('5631d86f-d31e-40a9-a67e-09d917191f84', '428a2e37-d6b6-4557-87c7-17e8eaa04973', 'DELIVERY_SUBMITTED', 'SMS', '{"message": "Delivery submitted on PKE-2024-00034. Please review."}', 'SENT', '2026-04-15T11:23:30.809071+00:00'),
  ('53bc1f38-31bb-47f6-95df-134d6f2a622b', '2772ca7d-0d78-41b2-9f7d-cfc91b122400', 'CONTRACT_FUNDED', 'SMS', '{"message": "Your contract PKE-2024-00030 for 171241.9400 has been funded."}', 'SENT', '2026-04-14T14:36:30.808633+00:00'),
  ('11571cfd-ea5a-4d8d-8bea-6c01c71a685f', 'ef477e12-bd32-4a32-902b-268326241525', 'CONTRACT_ACCEPTED', 'IN_APP', '{"message": "Freelancer has accepted contract PKE-2024-00058."}', 'SENT', '2026-04-13T11:02:30.810965+00:00'),
  ('c247e0ad-1ad1-4d11-81b8-c2cdfc4b8b9a', 'e6012de9-d583-4b01-a7a8-b1da27138cfd', 'DISPUTE_RAISED', 'EMAIL', '{"message": "Dispute raised on contract PKE-2024-00031. Submit evidence."}', 'SENT', '2026-05-17T18:37:30.813840+00:00'),
  ('e952fda8-b66b-4df4-a253-b2ce813d40bc', '428a2e37-d6b6-4557-87c7-17e8eaa04973', 'DISPUTE_RAISED', 'SMS', '{"message": "Dispute raised on contract PKE-2024-00052. Submit evidence."}', 'SENT', '2026-05-12T01:52:30.814060+00:00'),
  ('386b367a-f8cf-4bc5-9135-973ef86d9a73', '8ab19e94-bdbd-4a2e-a50f-3855a8a6ed5b', 'CONTRACT_ACCEPTED', 'IN_APP', '{"message": "Freelancer has accepted contract PKE-2024-00046."}', 'SENT', '2026-04-27T21:34:30.810157+00:00'),
  ('3889d3ec-57be-47f4-8763-016a8a6fc684', 'cd861fd9-0552-442e-9cf9-c30c3941a57f', 'DISPUTE_RESOLVED', 'SMS', '{"message": "Dispute on PKE-2024-00004 resolved: FULL_RELEASE."}', 'SENT', '2026-04-08T13:29:30.811971+00:00'),
  ('6f75527e-1126-41aa-b435-240c92aafc26', 'a76e8f1a-1b5a-406d-9242-6292c3e1af56', 'DISPUTE_RAISED', 'IN_APP', '{"message": "Dispute raised on contract PKE-2024-00034. Submit evidence."}', 'SENT', '2026-04-24T04:44:30.814186+00:00'),
  ('27ffab01-f7a5-4309-9ee9-9476763fc87e', 'e6012de9-d583-4b01-a7a8-b1da27138cfd', 'REVISION_REQUESTED', 'SMS', '{"message": "Revision #1 requested on contract PKE-2024-00016."}', 'SENT', '2026-04-22T18:01:30.806778+00:00'),
  ('f9b83865-5141-48be-bd6e-22414862943d', '4eee5935-6908-4cc9-a46c-736e719f927f', 'KYC_APPROVED', 'SMS', '{"message": "Your KYC has been approved. Tier upgraded."}', 'SENT', '2026-05-08T10:03:30.815919+00:00'),
  ('ca8c12c0-22c7-4774-8260-7f9a4b5ec8c1', 'eab4ea83-34dc-4c84-a504-6d26a70672bd', 'DISPUTE_RAISED', 'IN_APP', '{"message": "Dispute raised on contract PKE-2024-00042. Submit evidence."}', 'SENT', '2026-04-23T03:41:30.813525+00:00'),
  ('9026f423-c1aa-4a7a-a257-6b7781eb1b70', '70e83877-9476-47e6-8eb5-1b148b5f6748', 'DISPUTE_RAISED', 'IN_APP', '{"message": "Dispute raised on contract PKE-2024-00022. Submit evidence."}', 'SENT', '2026-05-05T18:54:30.811821+00:00'),
  ('bf6b3422-1781-4742-b106-4db617480be6', '6872ee47-6643-4718-b09f-4476d930b48c', 'DISPUTE_RAISED', 'EMAIL', '{"message": "Dispute raised on contract PKE-2024-00022. Submit evidence."}', 'SENT', '2026-04-21T00:25:30.811791+00:00'),
  ('610eba05-e8f4-4eb8-b3ad-5486d67bdff3', '2bc1f037-5253-4bd8-80d1-d18a59fc3600', 'REVISION_REQUESTED', 'EMAIL', '{"message": "Revision #1 requested on contract PKE-2024-00056."}', 'FAILED', NULL),
  ('9dd6c92f-33d0-446d-bb9c-10efbc69dea5', '6e19daad-a7ba-4516-96fe-44adc8c98723', 'DELIVERY_SUBMITTED', 'EMAIL', '{"message": "Delivery submitted on PKE-2024-00031. Please review."}', 'SENT', '2026-05-01T19:47:30.808820+00:00'),
  ('55ea043e-57ed-466e-8a80-559a4f4e8dfd', '6872ee47-6643-4718-b09f-4476d930b48c', 'REVISION_REQUESTED', 'EMAIL', '{"message": "Revision #2 requested on contract PKE-2024-00052."}', 'PENDING', NULL),
  ('98b0a328-4cae-4c52-90c5-3446898a5262', '42c52773-f8ae-4373-af38-827b571ace67', 'KYC_REJECTED', 'IN_APP', '{"message": "Your KYC was rejected. Please resubmit."}', 'SENT', '2026-04-29T07:26:30.816003+00:00'),
  ('30d768b9-1510-4ba9-ab26-c894e3b83999', 'a425f6e8-8420-44f8-9e21-3f65520cd42d', 'DISPUTE_RAISED', 'IN_APP', '{"message": "Dispute raised on contract PKE-2024-00041. Submit evidence."}', 'SENT', '2026-05-04T00:54:30.812310+00:00'),
  ('74621e3c-3e28-49ff-9e2f-ea9ec1cbf338', '428a2e37-d6b6-4557-87c7-17e8eaa04973', 'DISPUTE_RAISED', 'IN_APP', '{"message": "Dispute raised on contract PKE-2024-00024. Submit evidence."}', 'SENT', '2026-04-18T17:41:30.812739+00:00'),
  ('f23828ff-d40a-4e4d-b827-71c9484bcb5a', '73e93709-8483-41ce-b789-42c9766255f3', 'KYC_APPROVED', 'SMS', '{"message": "Your KYC has been approved. Tier upgraded."}', 'SENT', '2026-05-04T14:06:30.816245+00:00'),
  ('9b6fc32a-af65-4e89-9bb2-8be5473c47c0', '42c52773-f8ae-4373-af38-827b571ace67', 'KYC_APPROVED', 'SMS', '{"message": "Your KYC has been approved. Tier upgraded."}', 'SENT', '2026-04-21T17:41:30.815976+00:00'),
  ('a3437c3e-9a2d-4f52-983e-db51c2833142', '2b905960-78c7-42fe-8403-4bdf8b0eec2b', 'CONTRACT_ACCEPTED', 'SMS', '{"message": "Freelancer has accepted contract PKE-2024-00005."}', 'SENT', '2026-04-23T19:35:30.804606+00:00'),
  ('54a101da-58ce-42e8-9ea7-bba091250bc9', 'b70759ac-fb5d-4261-8d71-37b125921ab5', 'CONTRACT_ACCEPTED', 'EMAIL', '{"message": "Freelancer has accepted contract PKE-2024-00043."}', 'SENT', '2026-05-02T10:02:30.810002+00:00'),
  ('4b06f8b0-6425-4027-880c-2815d7ab45e6', '8ab19e94-bdbd-4a2e-a50f-3855a8a6ed5b', 'DISPUTE_RAISED', 'SMS', '{"message": "Dispute raised on contract PKE-2024-00044. Submit evidence."}', 'SENT', '2026-05-07T22:00:30.814083+00:00'),
  ('ffd26735-e031-4e3f-a62b-912e99bca1ff', 'cd861fd9-0552-442e-9cf9-c30c3941a57f', 'DISPUTE_RAISED', 'IN_APP', '{"message": "Dispute raised on contract PKE-2024-00057. Submit evidence."}', 'PENDING', NULL),
  ('dca7f01f-eb08-47f5-89ed-30acab79375b', '2bcafc3f-322a-46de-a2f4-e310a5695fb7', 'CONTRACT_ACCEPTED', 'SMS', '{"message": "Freelancer has accepted contract PKE-2024-00004."}', 'SENT', '2026-04-22T00:02:30.804532+00:00'),
  ('5d937877-67a2-4f6a-9ef1-583e888dbab8', '2bcafc3f-322a-46de-a2f4-e310a5695fb7', 'CONTRACT_CANCELLED', 'EMAIL', '{"message": "Contract PKE-2024-00033 was cancelled. Refund initiated."}', 'PENDING', NULL),
  ('41b5071e-66a3-4b9c-a1eb-d169802b39e0', '35ae4089-fd3d-4432-bd46-24076ced8fcb', 'KYC_APPROVED', 'EMAIL', '{"message": "Your KYC has been approved. Tier upgraded."}', 'SENT', '2026-03-23T11:43:30.816081+00:00'),
  ('5d3d8bf4-35bc-4806-9efa-f0171d7855f6', '2bcafc3f-322a-46de-a2f4-e310a5695fb7', 'DISPUTE_RAISED', 'SMS', '{"message": "Dispute raised on contract PKE-2024-00004. Submit evidence."}', 'SENT', '2026-04-29T18:06:30.813718+00:00'),
  ('6ec4b18e-0c7c-42a9-83ab-7933560c02e3', '3366848f-2d91-4023-91ac-54ce88641b6d', 'REVISION_REQUESTED', 'EMAIL', '{"message": "Revision #2 requested on contract PKE-2024-00021."}', 'PENDING', NULL),
  ('084368cb-fe0f-4ded-a33f-514ef14a539e', 'a425f6e8-8420-44f8-9e21-3f65520cd42d', 'DISPUTE_RAISED', 'IN_APP', '{"message": "Dispute raised on contract PKE-2024-00041. Submit evidence."}', 'FAILED', NULL),
  ('a0baf829-5cab-42cc-bab1-270a42b2450a', '39f4db77-1552-4c4b-8e3c-7add3e63dbc7', 'WELCOME', 'SMS', '{"message": "Welcome to PakEscrow! Your account is ready."}', 'SENT', '2026-05-19T02:54:30.817778+00:00'),
  ('c021e909-0095-4d99-b30b-9bd98eaf8d29', '6872ee47-6643-4718-b09f-4476d930b48c', 'DISPUTE_RAISED', 'EMAIL', '{"message": "Dispute raised on contract PKE-2024-00022. Submit evidence."}', 'PENDING', NULL),
  ('2fc37eb1-94d3-4c6a-8700-22dd5a43ad23', '25ff57f5-1ebb-4ed1-b47f-8732bd99694a', 'WELCOME', 'SMS', '{"message": "Welcome to PakEscrow! Your account is ready."}', 'SENT', '2026-05-08T11:50:30.818127+00:00'),
  ('b49ac0ca-c4e8-45c1-98b5-fad296cf3838', 'eab4ea83-34dc-4c84-a504-6d26a70672bd', 'CONTRACT_FUNDED', 'IN_APP', '{"message": "Your contract PKE-2024-00043 for 222764.4900 has been funded."}', 'SENT', '2026-04-02T19:09:30.809975+00:00'),
  ('deffae73-e10d-40a8-9ed6-2db29e98a80f', 'cd861fd9-0552-442e-9cf9-c30c3941a57f', 'KYC_APPROVED', 'EMAIL', '{"message": "Your KYC has been approved. Tier upgraded."}', 'SENT', '2026-04-23T18:30:30.816388+00:00'),
  ('f9a1ac9f-29ca-4985-ac9d-a8739beb63ed', '62f239dc-ae35-4e77-a6dd-2c1f9419018f', 'CONTRACT_ACCEPTED', 'EMAIL', '{"message": "Freelancer has accepted contract PKE-2024-00056."}', 'SENT', '2026-05-10T05:35:30.810840+00:00'),
  ('786d1c2b-d801-4186-9694-211492a7a517', '574a3b04-be48-4c98-9f22-974c6beb201a', 'REVISION_REQUESTED', 'SMS', '{"message": "Revision #1 requested on contract PKE-2024-00060."}', 'SENT', '2026-05-02T21:13:30.811219+00:00'),
  ('17db4c6d-b071-4071-9a02-4aa77c569103', 'bed888e4-dd5c-4414-b749-f4a6630fe115', 'CONTRACT_ACCEPTED', 'EMAIL', '{"message": "Freelancer has accepted contract PKE-2024-00051."}', 'PENDING', NULL)
ON CONFLICT DO NOTHING;
INSERT INTO notifications (id, user_id, event_type, channel, payload, status, sent_at) VALUES
  ('3c8e6b29-42fe-47fd-b710-5aeee4b99e88', '74ce123b-204a-474f-bffc-8ea53f885eb6', 'WELCOME', 'EMAIL', '{"message": "Welcome to PakEscrow! Your account is ready."}', 'SENT', '2026-04-23T02:16:30.817364+00:00'),
  ('acaa814a-84cc-45cb-bb18-3df97744588e', 'eab4ea83-34dc-4c84-a504-6d26a70672bd', 'CONTRACT_FUNDED', 'EMAIL', '{"message": "Your contract PKE-2024-00025 for 63336.8700 has been funded."}', 'SENT', '2026-04-07T10:15:30.807518+00:00'),
  ('89cfb43d-b31e-4209-afd0-65886d223807', '4eee5935-6908-4cc9-a46c-736e719f927f', 'KYC_APPROVED', 'IN_APP', '{"message": "Your KYC has been approved. Tier upgraded."}', 'SENT', '2026-05-19T00:38:30.815901+00:00'),
  ('157ea54d-119a-43a0-b136-d44c882383d0', '6e19daad-a7ba-4516-96fe-44adc8c98723', 'CONTRACT_ACCEPTED', 'EMAIL', '{"message": "Freelancer has accepted contract PKE-2024-00027."}', 'SENT', '2026-04-08T02:15:30.807670+00:00'),
  ('0a98d270-cc4b-471a-b740-b1bb1250fa8e', '9aadaf6b-8894-426a-8531-3fdbaaeb5fd0', 'KYC_APPROVED', 'EMAIL', '{"message": "Your KYC has been approved. Tier upgraded."}', 'SENT', '2026-04-08T11:16:30.815382+00:00'),
  ('77f66298-f115-434d-a67c-9e1399fbce41', '6872ee47-6643-4718-b09f-4476d930b48c', 'WELCOME', 'IN_APP', '{"message": "Welcome to PakEscrow! Your account is ready."}', 'SENT', '2026-04-16T00:16:30.817741+00:00'),
  ('80254a6c-2185-44f6-8fbb-d3a2c97ff130', '8ab19e94-bdbd-4a2e-a50f-3855a8a6ed5b', 'DISPUTE_RESOLVED', 'SMS', '{"message": "Dispute on PKE-2024-00046 resolved: PARTIAL_SPLIT."}', 'SENT', '2026-05-09T08:04:30.813195+00:00'),
  ('8147c591-9b9f-47c6-895c-ad8f033c9e1c', '9aadaf6b-8894-426a-8531-3fdbaaeb5fd0', 'KYC_REJECTED', 'SMS', '{"message": "Your KYC was rejected. Please resubmit."}', 'PENDING', NULL),
  ('e292124c-8283-44dd-af7f-27e1912ee388', 'eab4ea83-34dc-4c84-a504-6d26a70672bd', 'DISPUTE_RESOLVED', 'IN_APP', '{"message": "Dispute on PKE-2024-00042 resolved: FULL_RELEASE."}', 'FAILED', NULL),
  ('90b3d403-87e4-47fc-8ac3-9273d662f6e7', '6e19daad-a7ba-4516-96fe-44adc8c98723', 'CONTRACT_ACCEPTED', 'SMS', '{"message": "Freelancer has accepted contract PKE-2024-00035."}', 'SENT', '2026-04-19T19:50:30.809170+00:00'),
  ('246286d7-ddcf-44dc-a0db-d24cbf745695', '42c52773-f8ae-4373-af38-827b571ace67', 'FUNDS_RELEASED', 'EMAIL', '{"message": "124405.3700 released to your wallet from PKE-2024-00040."}', 'SENT', '2026-03-28T20:45:30.809819+00:00'),
  ('ec024624-9872-4ff1-bc51-dd131197d4d7', '4dbfe6ad-8284-4b73-9bb5-105554f92fb6', 'DISPUTE_RAISED', 'EMAIL', '{"message": "Dispute raised on contract PKE-2024-00053. Submit evidence."}', 'FAILED', NULL),
  ('4518901f-e544-4483-8541-a2f88651a673', '323703bf-9386-4840-a317-6d4044b083b0', 'KYC_APPROVED', 'EMAIL', '{"message": "Your KYC has been approved. Tier upgraded."}', 'SENT', '2026-04-03T05:16:30.816263+00:00'),
  ('7afc2453-b2c9-4806-b57a-022bc77f0b0e', 'ef477e12-bd32-4a32-902b-268326241525', 'CONTRACT_COMPLETED', 'SMS', '{"message": "Contract PKE-2024-00009 completed. Funds released."}', 'SENT', '2026-04-29T07:38:30.805594+00:00'),
  ('1c7d9dc7-0417-40f3-8afd-159c3a048872', '42c52773-f8ae-4373-af38-827b571ace67', 'DISPUTE_RAISED', 'IN_APP', '{"message": "Dispute raised on contract PKE-2024-00046. Submit evidence."}', 'SENT', '2026-05-04T08:30:30.813153+00:00'),
  ('2624d6d0-9d59-4cd7-aa24-487a4a563437', 'ef477e12-bd32-4a32-902b-268326241525', 'CONTRACT_COMPLETED', 'IN_APP', '{"message": "Contract PKE-2024-00060 completed. Funds released."}', 'SENT', '2026-03-24T23:39:30.811181+00:00'),
  ('8488d6a5-d556-4e8e-8b3f-50aaec838078', '2018990f-2b56-4b13-af0a-d8377a2e6e04', 'DISPUTE_RESOLVED', 'SMS', '{"message": "Dispute on PKE-2024-00003 resolved: FULL_RELEASE."}', 'SENT', '2026-04-12T11:24:30.812624+00:00'),
  ('8a6bca1d-6eef-4dc0-b75d-590c5ec34332', '428a2e37-d6b6-4557-87c7-17e8eaa04973', 'CONTRACT_ACCEPTED', 'IN_APP', '{"message": "Freelancer has accepted contract PKE-2024-00010."}', 'FAILED', NULL),
  ('167b3fe5-db7d-47d5-b362-df02575dfdc9', '58ad4cd5-b2da-44c4-baaa-c0f44c3d570a', 'CONTRACT_FUNDED', 'SMS', '{"message": "Your contract PKE-2024-00010 for 153531.2700 has been funded."}', 'SENT', '2026-04-24T01:23:30.806107+00:00'),
  ('f3c3ff30-ae96-4e6a-863d-a8000f28ce9d', 'c31cb78f-e21f-4a84-957e-67958fdf321a', 'CONTRACT_FUNDED', 'IN_APP', '{"message": "Your contract PKE-2024-00017 for 427622.7900 has been funded."}', 'SENT', '2026-04-24T01:54:30.806814+00:00'),
  ('c84fa1e3-f7a9-46f4-8092-002af2e8529a', 'ef477e12-bd32-4a32-902b-268326241525', 'DELIVERY_SUBMITTED', 'IN_APP', '{"message": "Delivery submitted on PKE-2024-00058. Please review."}', 'SENT', '2026-04-10T08:51:30.810983+00:00'),
  ('e3bf2309-cd04-4f16-a511-3de9668bdf1d', '74ce123b-204a-474f-bffc-8ea53f885eb6', 'DISPUTE_RAISED', 'SMS', '{"message": "Dispute raised on contract PKE-2024-00041. Submit evidence."}', 'SENT', '2026-04-28T16:27:30.812290+00:00'),
  ('ac1ed86e-5ed1-4e4c-af39-170976cdffe7', '25ff57f5-1ebb-4ed1-b47f-8732bd99694a', 'KYC_APPROVED', 'SMS', '{"message": "Your KYC has been approved. Tier upgraded."}', 'SENT', '2026-04-21T17:58:30.816900+00:00'),
  ('de3ea310-e83c-44a0-8b67-6380010bf679', '4dbfe6ad-8284-4b73-9bb5-105554f92fb6', 'DELIVERY_SUBMITTED', 'EMAIL', '{"message": "Delivery submitted on PKE-2024-00016. Please review."}', 'PENDING', NULL),
  ('53ee6711-e093-4a30-9236-990fa7103e48', '1ee784f9-10a9-4852-ae81-fbca3d91120a', 'DISPUTE_RAISED', 'SMS', '{"message": "Dispute raised on contract PKE-2024-00045. Submit evidence."}', 'SENT', '2026-05-02T07:21:30.813997+00:00'),
  ('a2c51dad-b140-4432-848f-bb70bf58aa46', '428a2e37-d6b6-4557-87c7-17e8eaa04973', 'DISPUTE_RESOLVED', 'EMAIL', '{"message": "Dispute on PKE-2024-00024 resolved: FULL_RELEASE."}', 'SENT', '2026-05-13T20:14:30.812762+00:00'),
  ('80caa9d6-e844-4192-9947-37a1f462145f', '3366848f-2d91-4023-91ac-54ce88641b6d', 'KYC_APPROVED', 'EMAIL', '{"message": "Your KYC has been approved. Tier upgraded."}', 'SENT', '2026-03-26T08:32:30.816862+00:00'),
  ('be5e1fa8-f59a-4ac4-a5a2-948eba25272c', 'a425f6e8-8420-44f8-9e21-3f65520cd42d', 'CONTRACT_ACCEPTED', 'IN_APP', '{"message": "Freelancer has accepted contract PKE-2024-00040."}', 'SENT', '2026-04-01T17:44:30.809649+00:00'),
  ('555eda7e-6b53-4609-8118-fdf28e46a978', '9aadaf6b-8894-426a-8531-3fdbaaeb5fd0', 'CONTRACT_ACCEPTED', 'IN_APP', '{"message": "Freelancer has accepted contract PKE-2024-00011."}', 'SENT', '2026-04-11T08:55:30.806230+00:00'),
  ('2d7920a5-9f1a-412f-97f3-fdc3cb06c5bc', 'cd861fd9-0552-442e-9cf9-c30c3941a57f', 'DISPUTE_RESOLVED', 'IN_APP', '{"message": "Dispute on PKE-2024-00004 resolved: FULL_REFUND."}', 'SENT', '2026-05-07T02:16:30.813795+00:00')
ON CONFLICT DO NOTHING;

-- ── audit_logs (──────────────────────────────────)
INSERT INTO audit_logs (id, actor_id, action, entity_type, entity_id, before_snapshot, after_snapshot, ip_address, user_agent, created_at, chain_hash) VALUES
  ('4ddf6683-03a1-4126-9eac-a334c30c220b', '7049d436-fdcb-44ed-ae4c-06fda4f6a168', 'USER_REGISTERED', 'user', '7049d436-fdcb-44ed-ae4c-06fda4f6a168', '{}', '{"email": "richard.gonzalez841@outlook.com", "role": "FREELANCER"}', '172.30.17.247', 'PakEscrow-App/3.0 (iOS)', '2025-09-07T09:35:50.701577+00:00', 'dae4f91b8a9ecfedda9afa381bef0cb7a354b78c198be0f7354090268a2d4686'),
  ('c6f6e114-8ee7-410f-a1bc-30c8c140c23f', 'a76e8f1a-1b5a-406d-9242-6292c3e1af56', 'USER_REGISTERED', 'user', 'a76e8f1a-1b5a-406d-9242-6292c3e1af56', '{}', '{"email": "harold.wright2911@yahoo.com", "role": "FREELANCER"}', '10.185.85.172', 'Mozilla/5.0 (Windows NT 10.0; Win64; x64) Chrome/124.0', '2025-09-20T02:35:50.702030+00:00', 'd765dfba10c64c55456152b6a34dfbb959026dec82f7b765e9501369fcb6041d'),
  ('5b93cf39-54a1-4b7b-adbf-e7709c46a09d', '30e4ba01-2eb5-4df4-b3a0-04069742e7e9', 'USER_REGISTERED', 'user', '30e4ba01-2eb5-4df4-b3a0-04069742e7e9', '{}', '{"email": "kathleen.king6971@gmail.com", "role": "FREELANCER"}', '172.16.183.241', 'PakEscrow-App/3.0 (Android)', '2026-02-11T13:09:50.702324+00:00', '7d844472a45758898e9087cf5759f3afa663c1cca2cbc0c27e2d6c5e052c53b8'),
  ('663067af-4fe6-44ae-b257-3d66c686167d', '74ce123b-204a-474f-bffc-8ea53f885eb6', 'USER_REGISTERED', 'user', '74ce123b-204a-474f-bffc-8ea53f885eb6', '{}', '{"email": "patrick.sutton3290@gmail.com", "role": "FREELANCER"}', '192.168.73.54', 'PakEscrow-App/3.0 (Android)', '2026-02-16T17:50:50.702582+00:00', '2070ccd05141399e1b3aa0f60c650e85c8ef360131aae3ea08558035adc2a323'),
  ('c392c5de-8228-42b8-8235-27e32fbe97df', 'd0aa026e-2ed1-4446-a2f0-3549923cb767', 'USER_REGISTERED', 'user', 'd0aa026e-2ed1-4446-a2f0-3549923cb767', '{}', '{"email": "amanda.mays7802@gmail.com", "role": "ADMIN"}', '172.26.211.171', 'Mozilla/5.0 (Linux; Android 14) Chrome/123.0 Mobile', '2025-09-25T02:28:50.702907+00:00', '75c8546a06b5f3c6698f09431609d904dd288a429a5714d642354d541ab8cd53'),
  ('eb90fde0-06ec-482c-87b6-ecd5dc5b4c60', '2018990f-2b56-4b13-af0a-d8377a2e6e04', 'USER_REGISTERED', 'user', '2018990f-2b56-4b13-af0a-d8377a2e6e04', '{}', '{"email": "tracy.fisher1946@yahoo.com", "role": "CLIENT"}', '172.25.51.173', 'PakEscrow-App/3.0 (Android)', '2026-01-05T12:14:50.703191+00:00', '1e9140027ed0eb0347cbdde1c8670c02ba46875b1b9b41fb292673bf3f35f6b7'),
  ('4cf8aefe-38c9-4f69-b749-50e316f24da8', '8eadcf69-7f80-40fd-a595-8eee0899c906', 'USER_REGISTERED', 'user', '8eadcf69-7f80-40fd-a595-8eee0899c906', '{}', '{"email": "christie.robinson8178@yahoo.com", "role": "FREELANCER"}', '172.31.234.239', 'PakEscrow-App/3.0 (iOS)', '2025-05-10T03:02:50.703454+00:00', 'b3763238dac091dcfbe268ce475da74c2b23ee65767e6ea98f8c5256a4f33a78'),
  ('d42975fd-a875-41e6-a474-4e08cb69b853', 'd30aad51-da33-440b-b774-df93c4a7364c', 'USER_REGISTERED', 'user', 'd30aad51-da33-440b-b774-df93c4a7364c', '{}', '{"email": "rachel.brooks4714@gmail.com", "role": "FREELANCER"}', '10.91.23.85', 'PakEscrow-App/3.0 (Android)', '2025-10-31T17:10:50.703709+00:00', '5bc25d30fe05b8b3308d5ddef03a9f6cc8e92cf1de6fc28cff8d1cde4d0b934d'),
  ('8b85a616-b336-4fbc-8fb5-29f35df47572', '58ad4cd5-b2da-44c4-baaa-c0f44c3d570a', 'USER_REGISTERED', 'user', '58ad4cd5-b2da-44c4-baaa-c0f44c3d570a', '{}', '{"email": "paul.fleming6785@outlook.com", "role": "FREELANCER"}', '10.220.213.66', 'Mozilla/5.0 (Windows NT 10.0; Win64; x64) Chrome/124.0', '2025-10-13T05:40:50.703950+00:00', 'ce1d06505e867868b0e3904aed20de87ad315d0fc4d0192dcb1e70d5331545e1'),
  ('f6abcec7-9099-49f7-8f4c-ebef67285da7', '9aadaf6b-8894-426a-8531-3fdbaaeb5fd0', 'USER_REGISTERED', 'user', '9aadaf6b-8894-426a-8531-3fdbaaeb5fd0', '{}', '{"email": "edwin.guerrero6531@hotmail.com", "role": "CLIENT"}', '172.28.133.20', 'PakEscrow-App/3.0 (Android)', '2025-04-18T20:28:50.704183+00:00', '939c3541b25f68963f8ee0b87469117e9bec041b4232fa2c8df38bbed1269588'),
  ('cc6955fd-e375-4bc4-8268-dc1122c152e7', '18613aee-03ee-4059-a67a-45dd3d32d28a', 'USER_REGISTERED', 'user', '18613aee-03ee-4059-a67a-45dd3d32d28a', '{}', '{"email": "melissa.morgan5144@yahoo.com", "role": "CLIENT"}', '192.168.124.16', 'PakEscrow-App/3.0 (Android)', '2026-03-11T15:08:50.704424+00:00', '6c201840ba35bf64c665011155589f63576d99660f8221bbc55df458079373a2'),
  ('d679ae08-94be-4ce2-836a-c0c016a03ebf', '70e83877-9476-47e6-8eb5-1b148b5f6748', 'USER_REGISTERED', 'user', '70e83877-9476-47e6-8eb5-1b148b5f6748', '{}', '{"email": "stacey.rice4198@gmail.com", "role": "CLIENT"}', '172.30.5.6', 'Mozilla/5.0 (Linux; Android 14) Chrome/123.0 Mobile', '2025-08-20T12:26:50.704667+00:00', '2af64e5d4a82b73f2fe3bf9c928ac1c9898f2eac1eb03bad3f9ae336d962f6e8'),
  ('a35a0012-9acd-44d3-a677-7bf5d7dad7ee', '51fcb34c-6405-4024-975d-24ff149c2a9c', 'USER_REGISTERED', 'user', '51fcb34c-6405-4024-975d-24ff149c2a9c', '{}', '{"email": "kim.harrison4208@hotmail.com", "role": "COMPLIANCE_OFFICER"}', '10.28.129.175', 'PakEscrow-App/3.0 (iOS)', '2025-06-14T00:16:50.704954+00:00', '20c0c97830bdba73d32ccd524dcc24df1053cddabe8644e6225f65ef4905a50c'),
  ('1c6ab281-10b6-4352-9c00-3cfbf3ad6a62', 'c31cb78f-e21f-4a84-957e-67958fdf321a', 'USER_REGISTERED', 'user', 'c31cb78f-e21f-4a84-957e-67958fdf321a', '{}', '{"email": "richard.adams6209@hotmail.com", "role": "FREELANCER"}', '10.115.38.52', 'Mozilla/5.0 (Linux; Android 14) Chrome/123.0 Mobile', '2026-04-19T08:12:50.705183+00:00', 'c156880d65c6cd43d7aaa1f51d95ca470b183d8dcced437675a2dc983180a1bc'),
  ('9f77e514-8ea7-4f69-9e32-568c61c64b4a', '2b905960-78c7-42fe-8403-4bdf8b0eec2b', 'USER_REGISTERED', 'user', '2b905960-78c7-42fe-8403-4bdf8b0eec2b', '{}', '{"email": "adrian.harris4840@yahoo.com", "role": "CLIENT"}', '172.22.212.134', 'PakEscrow-App/3.0 (iOS)', '2025-04-25T22:08:50.705434+00:00', '909d081ea253ee226ef615e534da663a2b0f6b1627c5d086ce7c3c4d92120fc3'),
  ('3738613c-3058-4ed7-ade9-1e3710f7b7d6', '40436112-77eb-4017-9eca-31e686fc0064', 'USER_REGISTERED', 'user', '40436112-77eb-4017-9eca-31e686fc0064', '{}', '{"email": "veronica.ferguson5662@hotmail.com", "role": "FREELANCER"}', '192.168.71.244', 'PakEscrow-App/3.0 (iOS)', '2025-07-28T19:51:50.705664+00:00', '0b2dde811105222c6996221389e581df3396c9971384ba88b7f1b48ec4b8ee65'),
  ('0b17c49d-be44-47c2-83a2-d0083538aeae', 'b70759ac-fb5d-4261-8d71-37b125921ab5', 'USER_REGISTERED', 'user', 'b70759ac-fb5d-4261-8d71-37b125921ab5', '{}', '{"email": "steven.mccullough2743@hotmail.com", "role": "CLIENT"}', '192.168.105.15', 'Mozilla/5.0 (iPhone; CPU iPhone OS 17_4) Safari/604.1', '2025-08-25T12:01:50.705946+00:00', 'c1f64b77129adb058d3592e1271cd6410cc68eb68cf621aceab755057741458f'),
  ('27616ede-f7d7-4cfa-bf1c-d01311510477', '0788edfd-2885-4f10-b0ac-2c0041f72a1a', 'USER_REGISTERED', 'user', '0788edfd-2885-4f10-b0ac-2c0041f72a1a', '{}', '{"email": "catherine.davila9928@outlook.com", "role": "FREELANCER"}', '192.168.70.218', 'PakEscrow-App/3.0 (iOS)', '2026-03-14T11:32:50.706578+00:00', 'e5cfe7de0a3bf01cbc2109ada102c8551abd0032169b37231d1b7eab8e39954d'),
  ('f15116cd-1bd5-44b0-94c4-1b224c133f65', '2bcafc3f-322a-46de-a2f4-e310a5695fb7', 'USER_REGISTERED', 'user', '2bcafc3f-322a-46de-a2f4-e310a5695fb7', '{}', '{"email": "michael.lewis956@hotmail.com", "role": "CLIENT"}', '172.23.145.96', 'PakEscrow-App/3.0 (Android)', '2025-04-23T10:58:50.706959+00:00', 'd628613a0dd051749abeaefdad24021a4841cb39a702756c2c9b990fdf25a5a6'),
  ('05ab2c80-c26b-4ce0-99b3-97b87454223b', '4eee5935-6908-4cc9-a46c-736e719f927f', 'USER_REGISTERED', 'user', '4eee5935-6908-4cc9-a46c-736e719f927f', '{}', '{"email": "samantha.martin4837@yahoo.com", "role": "FREELANCER"}', '192.168.52.74', 'PakEscrow-App/3.0 (iOS)', '2025-08-29T19:26:50.707241+00:00', '98a7feabd6100fc6f91ed432272c4fc1425e940e39bee6e811baf4913a5f5d84'),
  ('102a53c1-a95d-482b-8c15-8a2fb0410e02', '42c52773-f8ae-4373-af38-827b571ace67', 'USER_REGISTERED', 'user', '42c52773-f8ae-4373-af38-827b571ace67', '{}', '{"email": "latoya.larson2141@hotmail.com", "role": "FREELANCER"}', '192.168.148.225', 'PakEscrow-App/3.0 (Android)', '2025-10-19T21:21:50.707518+00:00', '4a2b0fb0990fd0819088f016187865d9ce120d752de7220bd877382181e93119'),
  ('e8b32e03-d7a4-4b2f-a5fc-f771d72367b6', 'eab4ea83-34dc-4c84-a504-6d26a70672bd', 'USER_REGISTERED', 'user', 'eab4ea83-34dc-4c84-a504-6d26a70672bd', '{}', '{"email": "tonya.raymond4483@hotmail.com", "role": "FREELANCER"}', '192.168.184.137', 'Mozilla/5.0 (Linux; Android 14) Chrome/123.0 Mobile', '2025-08-19T10:37:50.707784+00:00', '009d5f7a92aa17b2d232feb6162c0c43b310e60c0731d156fde1865095a60098'),
  ('94a7485f-b0cd-4dec-b128-0f96171792a3', 'ef477e12-bd32-4a32-902b-268326241525', 'USER_REGISTERED', 'user', 'ef477e12-bd32-4a32-902b-268326241525', '{}', '{"email": "donna.johnson7805@yahoo.com", "role": "CLIENT"}', '192.168.122.126', 'Mozilla/5.0 (Windows NT 10.0; Win64; x64) Chrome/124.0', '2026-04-15T02:13:50.708040+00:00', 'b70c0fc4f5b813f421572115fef81463abfcaa37aca2c7b04e840a44ed87cc24'),
  ('32e8cba9-caee-4349-a40f-0e29f0a8de22', '6872ee47-6643-4718-b09f-4476d930b48c', 'USER_REGISTERED', 'user', '6872ee47-6643-4718-b09f-4476d930b48c', '{}', '{"email": "andrew.wells8096@gmail.com", "role": "FREELANCER"}', '172.18.85.56', 'Mozilla/5.0 (Windows NT 10.0; Win64; x64) Chrome/124.0', '2025-06-02T04:57:50.708280+00:00', 'cf27e11b5522a349caa64fc2ac0a5823f2c0e6eca0637a49b0097ff722e49ab5'),
  ('01c2bf8f-ca0d-4548-9ca1-a16b578f77e2', '8ab19e94-bdbd-4a2e-a50f-3855a8a6ed5b', 'USER_REGISTERED', 'user', '8ab19e94-bdbd-4a2e-a50f-3855a8a6ed5b', '{}', '{"email": "lori.miller5228@hotmail.com", "role": "CLIENT"}', '10.152.27.245', 'PakEscrow-App/3.0 (Android)', '2025-10-01T04:31:50.708649+00:00', 'fca935daa04c9cdfda4d7a71dbe57cf264465082cacc4f1af47e46427e6bd9a2'),
  ('7bc491a6-9d09-4447-9d9c-3ef12d1b3893', '39f4db77-1552-4c4b-8e3c-7add3e63dbc7', 'USER_REGISTERED', 'user', '39f4db77-1552-4c4b-8e3c-7add3e63dbc7', '{}', '{"email": "ronald.miller5610@yahoo.com", "role": "FREELANCER"}', '172.25.138.31', 'PakEscrow-App/3.0 (iOS)', '2025-04-30T16:20:50.709051+00:00', 'c98c71758e66befb72d046ca31982a5f27209e8854d732722edf77edd6544c0f'),
  ('03489aba-bddc-4b59-95b3-5ecb3c5f0080', '2bc1f037-5253-4bd8-80d1-d18a59fc3600', 'USER_REGISTERED', 'user', '2bc1f037-5253-4bd8-80d1-d18a59fc3600', '{}', '{"email": "kyle.smith3089@gmail.com", "role": "FREELANCER"}', '172.28.149.165', 'Mozilla/5.0 (Linux; Android 14) Chrome/123.0 Mobile', '2026-03-16T11:36:50.709303+00:00', '285699543d330d2bfd8a940fd7936c362eff032feadc1a41369614c47662e41f'),
  ('f5ed551d-ab11-40e0-a450-e714fbc0e0d8', '35ae4089-fd3d-4432-bd46-24076ced8fcb', 'USER_REGISTERED', 'user', '35ae4089-fd3d-4432-bd46-24076ced8fcb', '{}', '{"email": "mark.mills3248@yahoo.com", "role": "FREELANCER"}', '172.28.220.117', 'Mozilla/5.0 (iPhone; CPU iPhone OS 17_4) Safari/604.1', '2026-02-17T01:25:50.709550+00:00', '92888dfa0b68814cf1b435ab19d5492270f8e17ac6bbe026e426c13e12c4b3e4'),
  ('4b3f56a0-74af-4d7a-b0ce-638a5fbc9d50', '1ee784f9-10a9-4852-ae81-fbca3d91120a', 'USER_REGISTERED', 'user', '1ee784f9-10a9-4852-ae81-fbca3d91120a', '{}', '{"email": "james.cobb8935@gmail.com", "role": "FREELANCER"}', '192.168.239.249', 'PakEscrow-App/3.0 (iOS)', '2025-04-19T21:55:50.709855+00:00', '44b348f77e1b3aae02d1fe7fc34d8c40ed71bc113d878684204f3bd373256849'),
  ('18b39940-96ec-4d8b-9ad3-76e5a95e7ee5', '62f239dc-ae35-4e77-a6dd-2c1f9419018f', 'USER_REGISTERED', 'user', '62f239dc-ae35-4e77-a6dd-2c1f9419018f', '{}', '{"email": "brian.lewis9966@yahoo.com", "role": "CLIENT"}', '10.243.227.12', 'Mozilla/5.0 (iPhone; CPU iPhone OS 17_4) Safari/604.1', '2025-09-10T23:15:50.710112+00:00', 'b2d1879ff619735eb083a513df161126f11d186b7fb321b3071fe5930ae66e24'),
  ('772e25ec-d7f6-4baa-b2e8-fd8a3315415e', '73e93709-8483-41ce-b789-42c9766255f3', 'USER_REGISTERED', 'user', '73e93709-8483-41ce-b789-42c9766255f3', '{}', '{"email": "jonathan.powell2943@gmail.com", "role": "ADMIN"}', '192.168.16.102', 'PakEscrow-App/3.0 (Android)', '2025-07-29T05:35:50.710373+00:00', '7e8c7bc3789ce9881ae101eacd54f95a9ccf5ceb52ac6c727cf20247d5743a03'),
  ('07a6e046-1679-4d02-a243-ac0cae946818', '323703bf-9386-4840-a317-6d4044b083b0', 'USER_REGISTERED', 'user', '323703bf-9386-4840-a317-6d4044b083b0', '{}', '{"email": "kathryn.gomez206@yahoo.com", "role": "FREELANCER"}', '172.22.129.157', 'Mozilla/5.0 (Linux; Android 14) Chrome/123.0 Mobile', '2025-07-05T14:48:50.710680+00:00', 'c8e0828835a45b3c1f3f0dfceb6b2728753745e1b7b1e46b53cceef0ae732486'),
  ('7076cfd2-ca12-4564-87a4-0d2e727be96b', '377b55cc-3718-4320-a8f7-945d6f993626', 'USER_REGISTERED', 'user', '377b55cc-3718-4320-a8f7-945d6f993626', '{}', '{"email": "heather.nielsen9871@gmail.com", "role": "FREELANCER"}', '172.29.84.142', 'Mozilla/5.0 (iPhone; CPU iPhone OS 17_4) Safari/604.1', '2025-11-12T11:32:50.710951+00:00', '81e9e4bb53c7e660283f83f314d5c47c451f1b0d61463409fabedefa2b42e66f'),
  ('1d2eb425-1331-4759-b971-fc9e483a97e4', 'cd861fd9-0552-442e-9cf9-c30c3941a57f', 'USER_REGISTERED', 'user', 'cd861fd9-0552-442e-9cf9-c30c3941a57f', '{}', '{"email": "david.shields9574@hotmail.com", "role": "FREELANCER"}', '192.168.115.161', 'Mozilla/5.0 (Windows NT 10.0; Win64; x64) Chrome/124.0', '2026-04-16T19:43:50.711189+00:00', '26adeeeb4854f4921f70c1c2784869088937fad078912d2402414731f0d7e46d'),
  ('2a86b90b-62ca-4a48-ba94-5b068638bab6', '900a5547-efc8-4263-be74-bbe03405259e', 'USER_REGISTERED', 'user', '900a5547-efc8-4263-be74-bbe03405259e', '{}', '{"email": "carol.burgess9110@outlook.com", "role": "MODERATOR"}', '10.146.99.50', 'Mozilla/5.0 (Linux; Android 14) Chrome/123.0 Mobile', '2026-04-01T18:24:50.711421+00:00', 'a985a056b795757b25c2a4f80cc80bfa73584acfca79846d042ca6593296a9ad'),
  ('a4bdd7d9-4021-46f9-8db5-93a305b1dd47', '428a2e37-d6b6-4557-87c7-17e8eaa04973', 'USER_REGISTERED', 'user', '428a2e37-d6b6-4557-87c7-17e8eaa04973', '{}', '{"email": "cathy.ortiz9937@outlook.com", "role": "CLIENT"}', '10.64.182.127', 'PakEscrow-App/3.0 (Android)', '2025-10-11T20:55:50.711651+00:00', 'd2bcedf6c39e8f034fa41c3dfa46b1448080b930c988469f707dd3f772cc3fdb'),
  ('96362927-bee3-41b2-b0b9-96d1da49130d', 'bed888e4-dd5c-4414-b749-f4a6630fe115', 'USER_REGISTERED', 'user', 'bed888e4-dd5c-4414-b749-f4a6630fe115', '{}', '{"email": "colin.thomas3714@yahoo.com", "role": "CLIENT"}', '172.30.37.62', 'Mozilla/5.0 (Linux; Android 14) Chrome/123.0 Mobile', '2025-04-20T22:23:50.711973+00:00', '898feb7943a188da5ac7fcf27124c286b1efec38d3ced31a288ef558214edbca'),
  ('3fbe3e8d-2ad1-4881-92da-78a6ac37c87b', '6e19daad-a7ba-4516-96fe-44adc8c98723', 'USER_REGISTERED', 'user', '6e19daad-a7ba-4516-96fe-44adc8c98723', '{}', '{"email": "grant.thompson8588@hotmail.com", "role": "CLIENT"}', '10.56.39.228', 'Mozilla/5.0 (Linux; Android 14) Chrome/123.0 Mobile', '2025-07-06T02:07:50.712244+00:00', 'd728d4eb7b503ff02713ffa01b8bd0391cc5fd1f201328f66b3531c53cbb1b3f'),
  ('70b87451-604d-4045-9d18-43d8200c25b8', '4dbfe6ad-8284-4b73-9bb5-105554f92fb6', 'USER_REGISTERED', 'user', '4dbfe6ad-8284-4b73-9bb5-105554f92fb6', '{}', '{"email": "dustin.clark71@gmail.com", "role": "CLIENT"}', '192.168.151.124', 'Mozilla/5.0 (Linux; Android 14) Chrome/123.0 Mobile', '2025-11-20T03:38:50.712486+00:00', 'b409218d6c3bfad2fe30142b8199ddd88f2058688ea028266a35f8939b668a34'),
  ('373e2e07-6b8d-4cbb-8048-862006d650ee', 'a7500a4b-0888-4b4c-8dd7-9a285954d237', 'USER_REGISTERED', 'user', 'a7500a4b-0888-4b4c-8dd7-9a285954d237', '{}', '{"email": "ann.townsend4172@yahoo.com", "role": "MODERATOR"}', '10.222.190.137', 'Mozilla/5.0 (iPhone; CPU iPhone OS 17_4) Safari/604.1', '2026-04-03T13:09:50.712762+00:00', 'c2d8107c9620410b5c5fa26608517437b67027d0303b84b9ec5abd3ba76a9312'),
  ('b3562370-76f0-4523-96ca-319264da721e', 'a2cc882d-3430-4415-99d1-3b79bf519673', 'USER_REGISTERED', 'user', 'a2cc882d-3430-4415-99d1-3b79bf519673', '{}', '{"email": "lauren.mathis7312@gmail.com", "role": "FREELANCER"}', '10.253.142.56', 'Mozilla/5.0 (iPhone; CPU iPhone OS 17_4) Safari/604.1', '2025-06-13T03:11:50.713015+00:00', 'ce53b0328b88784b0c0ca3f02da0ce2a7887995a0ad8d244854d73a4ecae2254'),
  ('e03e24f7-9f8e-4018-874c-e86ea77c7013', '8c4fc713-c367-4bd8-87fb-05d4f8aca845', 'USER_REGISTERED', 'user', '8c4fc713-c367-4bd8-87fb-05d4f8aca845', '{}', '{"email": "david.short8225@yahoo.com", "role": "FREELANCER"}', '192.168.130.58', 'Mozilla/5.0 (Linux; Android 14) Chrome/123.0 Mobile', '2025-09-10T10:22:50.713256+00:00', '90d02deff0ea4dae8a917faac5d9c4049edd16b54ad09e9b1d26242e8e7a3855'),
  ('5847d3ce-2ee6-4a91-97b1-58afd4e472cc', '574a3b04-be48-4c98-9f22-974c6beb201a', 'USER_REGISTERED', 'user', '574a3b04-be48-4c98-9f22-974c6beb201a', '{}', '{"email": "jacob.jones2844@yahoo.com", "role": "FREELANCER"}', '192.168.166.157', 'Mozilla/5.0 (Windows NT 10.0; Win64; x64) Chrome/124.0', '2026-01-26T09:01:50.713499+00:00', 'df4888199a80893f5efc4d1c3ddba66029e3eb1d4bfccc02d76e84f83ae82449'),
  ('68ef16ba-233b-450c-821e-4e5a1c2a27d1', '3366848f-2d91-4023-91ac-54ce88641b6d', 'USER_REGISTERED', 'user', '3366848f-2d91-4023-91ac-54ce88641b6d', '{}', '{"email": "keith.willis8266@gmail.com", "role": "FREELANCER"}', '172.20.88.7', 'Mozilla/5.0 (Windows NT 10.0; Win64; x64) Chrome/124.0', '2025-09-18T17:01:50.713781+00:00', '48e97a183e6a6a3a7e1fb46930f43efd6256650b26efe6013bb4e1399a16a6d4'),
  ('d3ecb6dc-8985-45c3-920e-00be957c3717', '25ff57f5-1ebb-4ed1-b47f-8732bd99694a', 'USER_REGISTERED', 'user', '25ff57f5-1ebb-4ed1-b47f-8732bd99694a', '{}', '{"email": "brandon.robinson9199@gmail.com", "role": "FREELANCER"}', '172.29.36.36', 'Mozilla/5.0 (Windows NT 10.0; Win64; x64) Chrome/124.0', '2025-08-11T23:28:50.714034+00:00', '56ef605abef1a800d7a7457e501dd20e6380afd995af3a8606ed4509af6c44a5'),
  ('01063917-1200-451a-8958-f53ba5d50529', 'ea90d380-53f1-4dd3-9543-fa30b45df102', 'USER_REGISTERED', 'user', 'ea90d380-53f1-4dd3-9543-fa30b45df102', '{}', '{"email": "raymond.short485@gmail.com", "role": "FREELANCER"}', '192.168.176.89', 'PakEscrow-App/3.0 (Android)', '2025-05-17T20:23:50.714277+00:00', '55f894457ea01e7d8d2c2ad5981f425913cfefe5d5a0ec69afc728ed90fbcc2f'),
  ('c14931c6-34a8-480a-af93-b113f6868139', 'a425f6e8-8420-44f8-9e21-3f65520cd42d', 'USER_REGISTERED', 'user', 'a425f6e8-8420-44f8-9e21-3f65520cd42d', '{}', '{"email": "reginald.gutierrez4395@outlook.com", "role": "CLIENT"}', '10.212.143.213', 'PakEscrow-App/3.0 (iOS)', '2026-02-23T00:12:50.714516+00:00', '2710f1ba99d350f69cd06ea3532c0223de9889b4eb3150ce0871c9603a4476de'),
  ('874c5898-1309-4fff-8ddb-c68646f25038', 'cb9551b6-2d8e-4e7f-a0b7-901fe47d0e80', 'USER_REGISTERED', 'user', 'cb9551b6-2d8e-4e7f-a0b7-901fe47d0e80', '{}', '{"email": "nathan.davis6378@yahoo.com", "role": "FREELANCER"}', '172.17.91.204', 'Mozilla/5.0 (Linux; Android 14) Chrome/123.0 Mobile', '2026-04-08T18:20:50.714801+00:00', '367e2d81ff50bace57cd489d00de17d9cb9fe80419eccc436b020349f56472a4'),
  ('829efcf1-3359-4771-8a55-2015adc0c2f4', 'e6012de9-d583-4b01-a7a8-b1da27138cfd', 'USER_REGISTERED', 'user', 'e6012de9-d583-4b01-a7a8-b1da27138cfd', '{}', '{"email": "nichole.leblanc2313@gmail.com", "role": "FREELANCER"}', '172.21.247.136', 'Mozilla/5.0 (Linux; Android 14) Chrome/123.0 Mobile', '2025-10-11T22:00:50.715053+00:00', '7eb792c4615abe49b02f864933f98574d61712e7baff2ca857183644ae7ad47c'),
  ('4504db69-64a0-4a4c-8a7a-9d91755f1801', '2772ca7d-0d78-41b2-9f7d-cfc91b122400', 'USER_REGISTERED', 'user', '2772ca7d-0d78-41b2-9f7d-cfc91b122400', '{}', '{"email": "jennifer.ross2514@gmail.com", "role": "FREELANCER"}', '192.168.245.229', 'PakEscrow-App/3.0 (iOS)', '2025-06-08T20:46:50.715290+00:00', '1e30e346e7c989859e76637dcaa8b806ec82f00093fafa0e94fa1fe567e18013')
ON CONFLICT DO NOTHING;

INSERT INTO audit_logs (id, actor_id, action, entity_type, entity_id, before_snapshot, after_snapshot, ip_address, user_agent, created_at, chain_hash) VALUES
  ('d85b94a8-3f3a-4911-96b4-97b330e291f7', '2b905960-78c7-42fe-8403-4bdf8b0eec2b', 'CONTRACT_CREATED', 'contract', '5c6cb7a4-07c3-40fc-86ec-3cd54df324e5', '{}', '{"ref": "PKE-2024-00001", "status": "DRAFT"}', '192.168.184.175', 'Mozilla/5.0 (Windows NT 10.0; Win64; x64) Chrome/124.0', '2026-01-16T20:38:41.478989+00:00', 'bbfa117c6186bf9fcec56de538fd2b56eb3b2c10c203aaa811fab5ede9401d4e'),
  ('369fe18f-600c-4f7d-a00c-af1d6d4cfa75', '2b905960-78c7-42fe-8403-4bdf8b0eec2b', 'CONTRACT_FUNDED', 'contract', '5c6cb7a4-07c3-40fc-86ec-3cd54df324e5', '{"status": "PENDING_ACCEPTANCE"}', '{"status": "FUNDED", "amount": "75697.2800"}', '172.23.192.116', 'Mozilla/5.0 (Windows NT 10.0; Win64; x64) Chrome/124.0', '2026-01-18T20:38:41.478989+00:00', 'dcf229305819eb27365c4340b03a540b6087dfe18adf508611a3c3d19b5a5812'),
  ('76bcae50-5ec6-4866-8ecf-14109bffc30f', '70e83877-9476-47e6-8eb5-1b148b5f6748', 'CONTRACT_CREATED', 'contract', 'deaeb3f5-65fa-4ad1-a3cf-24e893248794', '{}', '{"ref": "PKE-2024-00002", "status": "DRAFT"}', '10.10.152.29', 'Mozilla/5.0 (Windows NT 10.0; Win64; x64) Chrome/124.0', '2025-07-25T20:29:41.479880+00:00', '8b6903f0c2fdbfc78c9c830589e4b8f0b2a8376e3d2a4b10de5125f6e48a6530'),
  ('76b38677-4639-4bf1-b84f-27e49743bdbc', '70e83877-9476-47e6-8eb5-1b148b5f6748', 'CONTRACT_FUNDED', 'contract', 'deaeb3f5-65fa-4ad1-a3cf-24e893248794', '{"status": "PENDING_ACCEPTANCE"}', '{"status": "FUNDED", "amount": "465155.5400"}', '10.34.174.46', 'Mozilla/5.0 (iPhone; CPU iPhone OS 17_4) Safari/604.1', '2025-07-29T20:29:41.479880+00:00', '5b7bdfecf7b281b687e6673c6764f7e7cb845ff89407478c0391406e01c4b01b'),
  ('6c75cdb3-9a62-4713-aa09-9ff465284d1e', '2018990f-2b56-4b13-af0a-d8377a2e6e04', 'CONTRACT_CREATED', 'contract', '836b9b1b-0534-4cde-b833-037219fa2d39', '{}', '{"ref": "PKE-2024-00003", "status": "DRAFT"}', '192.168.88.216', 'Mozilla/5.0 (Windows NT 10.0; Win64; x64) Chrome/124.0', '2026-05-11T07:27:41.480644+00:00', 'b585657f3f38192834996c1ae8c946bef53980f916e4d3d04333bcce92842858'),
  ('a77b7f32-fb75-4753-91dd-86a599f87111', '2018990f-2b56-4b13-af0a-d8377a2e6e04', 'CONTRACT_FUNDED', 'contract', '836b9b1b-0534-4cde-b833-037219fa2d39', '{"status": "PENDING_ACCEPTANCE"}', '{"status": "FUNDED", "amount": "9169.9800"}', '172.30.35.98', 'PakEscrow-App/3.0 (iOS)', '2026-05-15T07:27:41.480644+00:00', 'c4321f75569100749b6628758a51ee85930dbccd7c750d0ae24765d0b60e87fb'),
  ('a5d713b2-f61b-4dfa-b290-b70a906ba487', '2bcafc3f-322a-46de-a2f4-e310a5695fb7', 'CONTRACT_CREATED', 'contract', '0e17094c-edae-4d60-9f23-8381e1f8edb5', '{}', '{"ref": "PKE-2024-00004", "status": "DRAFT"}', '172.25.150.153', 'PakEscrow-App/3.0 (iOS)', '2026-04-07T17:59:41.481213+00:00', '145c21ec4647145c49df12e21711ea61bf94f703ab3f4a6c923ca782a4253c9e'),
  ('6e5006d8-b63b-425a-a4d5-b3760b81acc6', '2bcafc3f-322a-46de-a2f4-e310a5695fb7', 'CONTRACT_FUNDED', 'contract', '0e17094c-edae-4d60-9f23-8381e1f8edb5', '{"status": "PENDING_ACCEPTANCE"}', '{"status": "FUNDED", "amount": "451241.4200"}', '10.49.122.147', 'Mozilla/5.0 (iPhone; CPU iPhone OS 17_4) Safari/604.1', '2026-04-09T17:59:41.481213+00:00', '29f16235b66aacaf6beaccbb1f96cf36a622761006cb766ee55c44fdfd4a6640'),
  ('8278b4e2-ef20-4f85-9015-e014e044fc2f', '2b905960-78c7-42fe-8403-4bdf8b0eec2b', 'CONTRACT_CREATED', 'contract', 'dab47fa3-b884-4a45-8299-ec1e05decc11', '{}', '{"ref": "PKE-2024-00005", "status": "DRAFT"}', '192.168.165.232', 'Mozilla/5.0 (Linux; Android 14) Chrome/123.0 Mobile', '2025-12-14T21:26:41.481909+00:00', '8c3c7b8a175afc16632a192df35c34994dd31be97d3c5dfc05235aba23422bd0'),
  ('701c091d-d2b4-44d3-b0a9-e8d835d04317', '2b905960-78c7-42fe-8403-4bdf8b0eec2b', 'CONTRACT_FUNDED', 'contract', 'dab47fa3-b884-4a45-8299-ec1e05decc11', '{"status": "PENDING_ACCEPTANCE"}', '{"status": "FUNDED", "amount": "329962.2500"}', '192.168.192.132', 'PakEscrow-App/3.0 (iOS)', '2025-12-15T21:26:41.481909+00:00', '42dc214c9821dca6132e71c0951f4c3c6cf45a369871c6359a44bbf58d58f4c0'),
  ('ef5237f9-45b6-47d1-b9a6-abde615b75f2', '8ab19e94-bdbd-4a2e-a50f-3855a8a6ed5b', 'CONTRACT_CREATED', 'contract', '9993f595-0930-470e-b583-52c920f263f6', '{}', '{"ref": "PKE-2024-00006", "status": "DRAFT"}', '172.22.36.238', 'PakEscrow-App/3.0 (iOS)', '2025-12-08T13:29:41.482495+00:00', '08bfab27a3293016d5ab0fcc536bf9e9eb02009d377acffe88daa0169eb48d1a'),
  ('91813fcc-5a2a-4fe7-923d-a430ada5e484', '8ab19e94-bdbd-4a2e-a50f-3855a8a6ed5b', 'CONTRACT_FUNDED', 'contract', '9993f595-0930-470e-b583-52c920f263f6', '{"status": "PENDING_ACCEPTANCE"}', '{"status": "FUNDED", "amount": "372641.8600"}', '10.254.41.74', 'Mozilla/5.0 (Linux; Android 14) Chrome/123.0 Mobile', '2025-12-12T13:29:41.482495+00:00', '5122f2d34a212dc66b2ae14dc9735b5461769aaae8d361b03c5add9732ad3c7d'),
  ('173b3b0e-b03c-4d90-9409-2bf0a62eb566', '70e83877-9476-47e6-8eb5-1b148b5f6748', 'CONTRACT_CREATED', 'contract', 'fec36306-7c9e-4835-a9a7-df168121a630', '{}', '{"ref": "PKE-2024-00007", "status": "DRAFT"}', '192.168.228.49', 'PakEscrow-App/3.0 (Android)', '2025-10-04T03:22:41.483241+00:00', '0b2978e3a835d7a637d2bef7f54db48f9942d6acc4400afa2fca33d0fe097b06'),
  ('72e441cc-c9f1-406d-84cf-2a7afac02191', '70e83877-9476-47e6-8eb5-1b148b5f6748', 'CONTRACT_FUNDED', 'contract', 'fec36306-7c9e-4835-a9a7-df168121a630', '{"status": "PENDING_ACCEPTANCE"}', '{"status": "FUNDED", "amount": "175163.2400"}', '172.31.127.7', 'Mozilla/5.0 (Linux; Android 14) Chrome/123.0 Mobile', '2025-10-08T03:22:41.483241+00:00', 'c9d24b7b6aafc39fc47aad91ff8b92ee1a38766d3090f7fd596e3f8b21fb872f'),
  ('5575bfe1-5868-4ce8-af40-4ad6370b6c29', 'ef477e12-bd32-4a32-902b-268326241525', 'CONTRACT_CREATED', 'contract', 'f15c0fb8-1649-43a4-b0ec-0f17aee29c40', '{}', '{"ref": "PKE-2024-00009", "status": "DRAFT"}', '172.26.54.90', 'Mozilla/5.0 (Linux; Android 14) Chrome/123.0 Mobile', '2025-10-27T07:07:41.484138+00:00', '4db579e5ae3dd36db1ffac4bf3ad44301707d5e493edb0defa6d7dfbf1c7cb0d'),
  ('733b3830-a4fb-439e-a805-bddc1b1ac0ca', 'ef477e12-bd32-4a32-902b-268326241525', 'CONTRACT_FUNDED', 'contract', 'f15c0fb8-1649-43a4-b0ec-0f17aee29c40', '{"status": "PENDING_ACCEPTANCE"}', '{"status": "FUNDED", "amount": "304018.0000"}', '192.168.67.124', 'PakEscrow-App/3.0 (Android)', '2025-10-29T07:07:41.484138+00:00', 'b93e7a1915cc23996bae8e72f33c2f0543b25badb06ead0495388ea05375bb1c'),
  ('383d3c07-9dab-4ac1-bc75-b650962e816f', '8ab19e94-bdbd-4a2e-a50f-3855a8a6ed5b', 'CONTRACT_CREATED', 'contract', 'c05eb68c-3331-4cf5-9165-67cde632795a', '{}', '{"ref": "PKE-2024-00013", "status": "DRAFT"}', '172.30.204.153', 'PakEscrow-App/3.0 (iOS)', '2025-12-22T08:21:41.486515+00:00', 'eddae33158d8a0e50ec0d7c3e5499efacef54fcc77763d8f4d38db667a571736'),
  ('27290f58-dd85-4f52-8a6d-0027a855c964', '8ab19e94-bdbd-4a2e-a50f-3855a8a6ed5b', 'CONTRACT_FUNDED', 'contract', 'c05eb68c-3331-4cf5-9165-67cde632795a', '{"status": "PENDING_ACCEPTANCE"}', '{"status": "FUNDED", "amount": "474939.1600"}', '172.23.194.105', 'PakEscrow-App/3.0 (iOS)', '2025-12-23T08:21:41.486515+00:00', 'ff96a3525101a5e124b9e5ef36ad0aea512be9548cf2b82144ce285dd3607679'),
  ('dd84b9cc-3fb9-40a4-9fb2-3f670b20efaa', '2018990f-2b56-4b13-af0a-d8377a2e6e04', 'CONTRACT_CREATED', 'contract', '14a997cc-aa67-49f4-be4a-202c63f2e4ae', '{}', '{"ref": "PKE-2024-00015", "status": "DRAFT"}', '192.168.144.63', 'Mozilla/5.0 (Windows NT 10.0; Win64; x64) Chrome/124.0', '2025-10-16T01:19:41.487607+00:00', '99fc86b07730a8d530a8781ada3d73dea305580b79c1e3306423b3c0651f29ee'),
  ('c8d06399-a074-444b-a5c1-c968afa7b1c1', '2018990f-2b56-4b13-af0a-d8377a2e6e04', 'CONTRACT_FUNDED', 'contract', '14a997cc-aa67-49f4-be4a-202c63f2e4ae', '{"status": "PENDING_ACCEPTANCE"}', '{"status": "FUNDED", "amount": "226858.4200"}', '172.16.46.212', 'PakEscrow-App/3.0 (Android)', '2025-10-20T01:19:41.487607+00:00', '26be15e51df17c4c63012dd43c627484ddaccb6393e36e8a583603f50b77d3d1'),
  ('1cb9e200-cfad-4ca9-9178-8c160f89ffbe', '4dbfe6ad-8284-4b73-9bb5-105554f92fb6', 'CONTRACT_CREATED', 'contract', '0fe89578-611f-437f-ac46-18df6e79be0c', '{}', '{"ref": "PKE-2024-00016", "status": "DRAFT"}', '10.51.155.150', 'Mozilla/5.0 (Windows NT 10.0; Win64; x64) Chrome/124.0', '2025-08-18T21:49:41.488161+00:00', '030bfa9932f0169f265a96139f840aa9483bf15643b9541b0ed0c8235879c09a'),
  ('ee0f2bd6-89bb-4051-8a81-640183d87ccc', '4dbfe6ad-8284-4b73-9bb5-105554f92fb6', 'CONTRACT_FUNDED', 'contract', '0fe89578-611f-437f-ac46-18df6e79be0c', '{"status": "PENDING_ACCEPTANCE"}', '{"status": "FUNDED", "amount": "277831.7100"}', '192.168.104.75', 'PakEscrow-App/3.0 (Android)', '2025-08-22T21:49:41.488161+00:00', '4d82b4a676c154d7796076d7fafdb972941e3cb3bd9652b9a06538c1ef8177be'),
  ('a9488c18-50ea-4e30-ad05-f16e2c4e2e27', '2b905960-78c7-42fe-8403-4bdf8b0eec2b', 'CONTRACT_CREATED', 'contract', 'b42b19c8-2a92-4cd5-88ff-1fd5157b96c2', '{}', '{"ref": "PKE-2024-00017", "status": "DRAFT"}', '192.168.46.42', 'Mozilla/5.0 (iPhone; CPU iPhone OS 17_4) Safari/604.1', '2025-12-27T15:02:41.488902+00:00', '7d9433c0f9439b80e76158fd53741c232163597dd9d8e8e08e173cc15f57647a'),
  ('0032a86f-c7f9-4b4a-ae7f-b1c7e221b1cb', '2b905960-78c7-42fe-8403-4bdf8b0eec2b', 'CONTRACT_FUNDED', 'contract', 'b42b19c8-2a92-4cd5-88ff-1fd5157b96c2', '{"status": "PENDING_ACCEPTANCE"}', '{"status": "FUNDED", "amount": "427622.7900"}', '192.168.0.244', 'Mozilla/5.0 (Windows NT 10.0; Win64; x64) Chrome/124.0', '2025-12-30T15:02:41.488902+00:00', '84566f42e01aad9bbbeb65a225493857b39d383342fb9ed68bab89ea6bab3d79'),
  ('e66068c5-023e-40c7-ab7f-b6e35f9ebf13', '4dbfe6ad-8284-4b73-9bb5-105554f92fb6', 'CONTRACT_CREATED', 'contract', '2d3aa4b1-67c6-46cb-a0da-dbb4c2629119', '{}', '{"ref": "PKE-2024-00018", "status": "DRAFT"}', '10.117.14.204', 'PakEscrow-App/3.0 (Android)', '2025-12-11T15:52:41.489443+00:00', '2b6098dd6c0bc94e295baac53ede2f7274b33596a0f4ce1224af313d3d79a1c1'),
  ('7e17239f-d0d6-46f0-817a-b8b3132365db', '4dbfe6ad-8284-4b73-9bb5-105554f92fb6', 'CONTRACT_FUNDED', 'contract', '2d3aa4b1-67c6-46cb-a0da-dbb4c2629119', '{"status": "PENDING_ACCEPTANCE"}', '{"status": "FUNDED", "amount": "434524.5200"}', '172.28.43.11', 'Mozilla/5.0 (Windows NT 10.0; Win64; x64) Chrome/124.0', '2025-12-13T15:52:41.489443+00:00', '83a92cf6804a723fdf8f8524bc625c88eca08d770ad7d595cf576c1c7cea8641'),
  ('765f8ba3-1987-44d0-9143-620b3bb2f8bd', 'bed888e4-dd5c-4414-b749-f4a6630fe115', 'CONTRACT_CREATED', 'contract', '10f4c553-c7bd-4db4-928c-e0f1fae7774c', '{}', '{"ref": "PKE-2024-00019", "status": "DRAFT"}', '192.168.249.228', 'PakEscrow-App/3.0 (Android)', '2026-01-14T04:34:41.490172+00:00', '3a37a91f3f172f4f743a863ce303509d3f179830785064fbad6daba8fc78c00f'),
  ('198d6d5f-7c95-40be-8968-040bcd931c0c', 'bed888e4-dd5c-4414-b749-f4a6630fe115', 'CONTRACT_FUNDED', 'contract', '10f4c553-c7bd-4db4-928c-e0f1fae7774c', '{"status": "PENDING_ACCEPTANCE"}', '{"status": "FUNDED", "amount": "343881.0800"}', '192.168.44.27', 'Mozilla/5.0 (Linux; Android 14) Chrome/123.0 Mobile', '2026-01-18T04:34:41.490172+00:00', 'ef8c39572faa0f7a6153c803207316602bc509e47d8c00fd3f8d9f0ced0db29d'),
  ('962b9c67-b5a0-4992-8708-ee5ec13e2521', '4dbfe6ad-8284-4b73-9bb5-105554f92fb6', 'CONTRACT_CREATED', 'contract', 'ff7af1c7-c875-4c63-8b53-464f3e5bdbe1', '{}', '{"ref": "PKE-2024-00020", "status": "DRAFT"}', '10.189.1.173', 'Mozilla/5.0 (iPhone; CPU iPhone OS 17_4) Safari/604.1', '2025-12-05T21:52:41.490707+00:00', 'bba17b3a52f688405f7ada9693ec7b48a7a6d0f3b39d45818d8be8b316ed4947'),
  ('2615ef01-79ff-461c-a695-e9f82532b5b8', '4dbfe6ad-8284-4b73-9bb5-105554f92fb6', 'CONTRACT_FUNDED', 'contract', 'ff7af1c7-c875-4c63-8b53-464f3e5bdbe1', '{"status": "PENDING_ACCEPTANCE"}', '{"status": "FUNDED", "amount": "292867.8700"}', '10.150.202.24', 'PakEscrow-App/3.0 (iOS)', '2025-12-08T21:52:41.490707+00:00', 'bbea2f3621f7c37d74c6221156336fc81c7d58dfa4ceb535d36dffd6c670e1d9'),
  ('510b5215-89f2-4bbf-a8da-1c7c1fd44e4c', '62f239dc-ae35-4e77-a6dd-2c1f9419018f', 'CONTRACT_CREATED', 'contract', '841e9a80-d1f1-4e4a-9924-002f06b2c2fb', '{}', '{"ref": "PKE-2024-00021", "status": "DRAFT"}', '10.223.144.247', 'Mozilla/5.0 (iPhone; CPU iPhone OS 17_4) Safari/604.1', '2026-01-27T12:23:41.491134+00:00', '312dccd73b35a6a738257fa08ccd1147ae02fa1b82e0895f7974d9b004ce8778'),
  ('edd6590e-e322-4909-b703-82973cf69c92', '62f239dc-ae35-4e77-a6dd-2c1f9419018f', 'CONTRACT_FUNDED', 'contract', '841e9a80-d1f1-4e4a-9924-002f06b2c2fb', '{"status": "PENDING_ACCEPTANCE"}', '{"status": "FUNDED", "amount": "268634.5500"}', '172.18.35.229', 'Mozilla/5.0 (Windows NT 10.0; Win64; x64) Chrome/124.0', '2026-01-28T12:23:41.491134+00:00', '3247aa324213c5005a2b2b56c9a8fbd98fc31d38ada4881281ee47d758f36239'),
  ('7cfe97c0-71d4-4437-8d7f-45438c5bd419', '70e83877-9476-47e6-8eb5-1b148b5f6748', 'CONTRACT_CREATED', 'contract', 'a983ea86-fa13-4312-ba13-29b480fc2b77', '{}', '{"ref": "PKE-2024-00022", "status": "DRAFT"}', '172.21.112.53', 'PakEscrow-App/3.0 (Android)', '2025-12-28T02:31:41.491535+00:00', '7b4f7f309fa391bb088739395c92c34ea2e87b8b31b6a1ada3d37fb35ce5ed1b'),
  ('c882b9b9-cd47-4f0a-ad35-2ba31291f5e2', '70e83877-9476-47e6-8eb5-1b148b5f6748', 'CONTRACT_FUNDED', 'contract', 'a983ea86-fa13-4312-ba13-29b480fc2b77', '{"status": "PENDING_ACCEPTANCE"}', '{"status": "FUNDED", "amount": "185231.9800"}', '172.30.16.124', 'PakEscrow-App/3.0 (iOS)', '2025-12-30T02:31:41.491535+00:00', 'b82b1c3c5a3638cb35ff489ac3dfd0018c0e740c6352b6e8ce90f2d6d825f1b8'),
  ('d26c04a3-90d1-4fba-a704-0c91dc7cd826', 'a425f6e8-8420-44f8-9e21-3f65520cd42d', 'CONTRACT_CREATED', 'contract', 'aad7f279-3724-480d-af60-ee2187f89cd5', '{}', '{"ref": "PKE-2024-00023", "status": "DRAFT"}', '10.93.73.31', 'PakEscrow-App/3.0 (Android)', '2025-10-27T20:39:41.491934+00:00', '2cd81b26e9c694d76fe71d5135379c5cd1c139a12658465b5f705ab45aae73e7'),
  ('3575a150-7ea9-4b85-8375-b47dc985c3db', 'a425f6e8-8420-44f8-9e21-3f65520cd42d', 'CONTRACT_FUNDED', 'contract', 'aad7f279-3724-480d-af60-ee2187f89cd5', '{"status": "PENDING_ACCEPTANCE"}', '{"status": "FUNDED", "amount": "204653.3400"}', '172.25.176.149', 'PakEscrow-App/3.0 (Android)', '2025-10-28T20:39:41.491934+00:00', 'ae4375d91ea0367daff95b0682cf45c4519dd5339f7a7e183d0410a11b389a6a'),
  ('8994eade-4a7e-495b-a857-9beb24cba82e', '428a2e37-d6b6-4557-87c7-17e8eaa04973', 'CONTRACT_CREATED', 'contract', '93260462-f32f-48bd-b056-5899031fc2ec', '{}', '{"ref": "PKE-2024-00024", "status": "DRAFT"}', '172.28.51.88', 'PakEscrow-App/3.0 (Android)', '2025-11-12T01:24:41.492724+00:00', 'f31a5217ffdbd68a58dbbc367bc55e9f64eddd1a6bac9e6eefa7c423f4ed37ae'),
  ('ab49f526-6dd5-40db-9c54-6ba825d5214d', '428a2e37-d6b6-4557-87c7-17e8eaa04973', 'CONTRACT_FUNDED', 'contract', '93260462-f32f-48bd-b056-5899031fc2ec', '{"status": "PENDING_ACCEPTANCE"}', '{"status": "FUNDED", "amount": "177414.7000"}', '172.18.216.199', 'PakEscrow-App/3.0 (iOS)', '2025-11-16T01:24:41.492724+00:00', 'b06db13d0d3a37c1ab22b21b0ace2ba2ad60831ed34831fc848157cb9c6135a3'),
  ('969f3b04-a9e6-4a3c-a7bf-40e711a93ad4', '2bcafc3f-322a-46de-a2f4-e310a5695fb7', 'CONTRACT_CREATED', 'contract', '47e17ac0-cc11-4ad0-b0fc-a28677fdc290', '{}', '{"ref": "PKE-2024-00025", "status": "DRAFT"}', '172.16.135.92', 'PakEscrow-App/3.0 (iOS)', '2025-09-30T22:58:41.493159+00:00', '422c50ec0c89051890c31fb9aedd26d516e97cbb90141bcbd9e97bad1ec0cb3b'),
  ('e6d9ac9e-94d5-4483-83f2-43f7364e6698', '2bcafc3f-322a-46de-a2f4-e310a5695fb7', 'CONTRACT_FUNDED', 'contract', '47e17ac0-cc11-4ad0-b0fc-a28677fdc290', '{"status": "PENDING_ACCEPTANCE"}', '{"status": "FUNDED", "amount": "63336.8700"}', '172.27.23.38', 'PakEscrow-App/3.0 (iOS)', '2025-10-04T22:58:41.493159+00:00', 'bc2326ca5be3932c1b1fc7edffdd79460c9b63711380c596e130ba2415f68da6'),
  ('c1643a69-d74d-449c-a185-6524780afa63', 'b70759ac-fb5d-4261-8d71-37b125921ab5', 'DISPUTE_RAISED', 'dispute', 'b48f0dd4-ce6a-4199-8cab-de5ec0853fc2', '{"contract_status": "IN_PROGRESS"}', '{"dispute_status": "RAISED", "reason": "OTHER"}', '172.22.69.104', 'PakEscrow-App/3.0 (iOS)', '2025-12-10T19:34:41.497489+00:00', '9d355f6ed6bfd80267741df3a16eaab902aed12612118fcab726e4a39f3b0f11'),
  ('2106fd7b-43ef-4f4b-a96a-cf97ab15771a', '6872ee47-6643-4718-b09f-4476d930b48c', 'DISPUTE_RAISED', 'dispute', '01f52f8c-7c68-4fb5-9421-811f51597371', '{"contract_status": "IN_PROGRESS"}', '{"dispute_status": "RAISED", "reason": "LATE_DELIVERY"}', '10.65.209.183', 'Mozilla/5.0 (Windows NT 10.0; Win64; x64) Chrome/124.0', '2026-01-09T02:31:41.491535+00:00', 'a1808bad1b785384477db92fd156fdd1406575f2d065693755e92c4cd5959d18'),
  ('4a0677b8-b7bb-4bb3-b9ae-73618979aa40', 'c31cb78f-e21f-4a84-957e-67958fdf321a', 'DISPUTE_RAISED', 'dispute', 'a230f017-498a-4673-b52b-f7c109ca6476', '{"contract_status": "IN_PROGRESS"}', '{"dispute_status": "RAISED", "reason": "PAYMENT_WITHHELD"}', '192.168.39.157', 'Mozilla/5.0 (iPhone; CPU iPhone OS 17_4) Safari/604.1', '2026-01-13T15:02:41.488902+00:00', '6d16c91c374737a3f059a2a5586c101dd545959955d30e365b982b808374c8eb'),
  ('ad2533f9-cfc9-4646-b8fc-eaccb4918e52', 'cd861fd9-0552-442e-9cf9-c30c3941a57f', 'DISPUTE_RAISED', 'dispute', '3244afcf-7b39-48b1-8696-68375b788985', '{"contract_status": "IN_PROGRESS"}', '{"dispute_status": "RAISED", "reason": "QUALITY_NOT_MET"}', '172.23.52.95', 'Mozilla/5.0 (iPhone; CPU iPhone OS 17_4) Safari/604.1', '2026-04-25T17:59:41.481213+00:00', 'a63a7a6183c42daada95c8d8e7e4bb630053d66381a53873df0292ec8fa1c633'),
  ('5d7ee59a-9888-4ca0-bad2-e3d01531caf1', '73e93709-8483-41ce-b789-42c9766255f3', 'DISPUTE_RESOLVED', 'dispute', '3244afcf-7b39-48b1-8696-68375b788985', '{"status": "DECISION_PENDING"}', '{"status": "RESOLVED", "resolution": "FULL_RELEASE"}', '172.22.94.125', 'PakEscrow-App/3.0 (iOS)', '2026-05-05T17:59:41.481213+00:00', '8131f9e40e82855e156d66fafb268b4e760d6bd440864bda8f6bbec703cf42be'),
  ('dd906c56-c32f-4f0e-85db-47ef9ed867d8', 'b70759ac-fb5d-4261-8d71-37b125921ab5', 'DISPUTE_RAISED', 'dispute', '74337c17-3d9f-48b8-a4e4-170036a5390d', '{"contract_status": "IN_PROGRESS"}', '{"dispute_status": "RAISED", "reason": "OTHER"}', '10.87.187.125', 'Mozilla/5.0 (Windows NT 10.0; Win64; x64) Chrome/124.0', '2025-08-27T05:17:41.515117+00:00', 'e3c881d670490754c20e781c29449ef7e65677ceb650ce164ac99f06af7f1e04'),
  ('8c469fbd-ac18-412e-9588-9a20fe4f72f7', '8ab19e94-bdbd-4a2e-a50f-3855a8a6ed5b', 'DISPUTE_RAISED', 'dispute', '9330745a-cc54-4f6c-880b-fc3962d56a09', '{"contract_status": "IN_PROGRESS"}', '{"dispute_status": "RAISED", "reason": "SCOPE_DISAGREEMENT"}', '192.168.169.104', 'Mozilla/5.0 (Windows NT 10.0; Win64; x64) Chrome/124.0', '2026-01-09T08:21:41.486515+00:00', '78d467d334fc246ed1f5d5ed9ec1fe1353e7e50a4fccbc7231e0de3297c19d9b'),
  ('888ad104-c313-462c-b439-a6170a65b80a', '2bc1f037-5253-4bd8-80d1-d18a59fc3600', 'DISPUTE_RAISED', 'dispute', 'e18e6760-8e1e-4a92-87aa-84927e557590', '{"contract_status": "IN_PROGRESS"}', '{"dispute_status": "RAISED", "reason": "QUALITY_NOT_MET"}', '10.67.51.222', 'Mozilla/5.0 (iPhone; CPU iPhone OS 17_4) Safari/604.1', '2026-01-10T01:43:41.514861+00:00', '30e1044fb5985d6c51d14f2645c8f0e1d52e9c8791485d380f1dd2ab8a472a0e'),
  ('0f1a4d8b-c51d-4014-bad2-8d09e621f73d', '2b905960-78c7-42fe-8403-4bdf8b0eec2b', 'DISPUTE_RAISED', 'dispute', 'a0561333-7286-4541-ab8c-1bed8d733d49', '{"contract_status": "IN_PROGRESS"}', '{"dispute_status": "RAISED", "reason": "LATE_DELIVERY"}', '172.23.128.84', 'Mozilla/5.0 (Windows NT 10.0; Win64; x64) Chrome/124.0', '2026-02-17T20:38:41.478989+00:00', 'cc8cb81e1f6aaf88b14c2e4ab34c17602bc1c7cd423e66d0033523ae2acf8805'),
  ('78778e90-56aa-4925-9ab4-31059ffb60e6', '900a5547-efc8-4263-be74-bbe03405259e', 'DISPUTE_RESOLVED', 'dispute', 'a0561333-7286-4541-ab8c-1bed8d733d49', '{"status": "DECISION_PENDING"}', '{"status": "RESOLVED", "resolution": "FULL_RELEASE"}', '172.22.122.156', 'Mozilla/5.0 (Windows NT 10.0; Win64; x64) Chrome/124.0', '2026-03-03T20:38:41.478989+00:00', '9492c9e1b3dff536b39991b7307d133d7073d8354c2ef2e8f79ee34da400d005')
ON CONFLICT DO NOTHING;

COMMIT;
-- ============================================================
